"","X","libelle.complet","index","libelle","numero","rue","arrondissement","N_SQ_AD"
"1",1,"ECOLE MATERNELLE 149 RUE DE VAUGIRARD - PARIS 15",1,"ECOLE MATERNELLE","149","RUE DE VAUGIRARD",15,750118101
"2",2,"ECOLE ÉLÉMENTAIRE 20 RUE FALGUIERE - PARIS 15",2,"ECOLE ÉLÉMENTAIRE","20","RUE FALGUIERE",15,750111354
"3",3,"COLLÈGE BUFFON 16 BOULEVARD PASTEUR - PARIS 15",3,"COLLÈGE BUFFON","16","BD PASTEUR",15,750115860
"4",4,"ECOLE MATERNELLE 33 RUE DE POMMARD - PARIS 12",4,"ECOLE MATERNELLE","33","RUE DE POMMARD",12,750063194
"5",5,"ECOLE ÉLÉMENTAIRE 4 RUE DE POMMARD - PARIS 12",5,"ECOLE ÉLÉMENTAIRE","4","RUE DE POMMARD",12,750063221
"6",6,"COLLÈGE JULES VERNE 20 RUE DE LA BRECHE AUX LOUPS - PARIS 12",6,"COLLÈGE JULES VERNE","20","RUE DE LA BRECHE AUX LOUPS",12,750058527
"7",7,"ECOLE MATERNELLE 11-15 RUE JEAN DOLENT - PARIS 14",7,"ECOLE MATERNELLE","11-15","RUE JEAN DOLENT",14,750102231
"8",8,"ECOLE ÉLÉMENTAIRE 87 BOULEVARD ARAGO - PARIS 14",8,"ECOLE ÉLÉMENTAIRE","87","BD ARAGO",14,750098812
"9",9,"COLLÈGE SAINT-EXUPERY 89 BOULEVARD ARAGO - PARIS 14",9,"COLLÈGE SAINT-EXUPERY","89","BD ARAGO",14,750098813
"10",10,"ECOLE ÉLÉMENTAIRE 17 RUE LOUISE BOURGEOIS - PARIS 13",10,"ECOLE ÉLÉMENTAIRE","17","RUE LOUISE BOURGEOIS",13,750177192
"11",12,"ECOLE ÉLÉMENTAIRE 118 BOULEVARD MACDONALD - PARIS 19",12,"ECOLE ÉLÉMENTAIRE","118","BD MACDONALD",19,750018029
"12",13,"ECOLE ÉLÉMENTAIRE 141 BOULEVARD MACDONALD - PARIS 19",13,"ECOLE ÉLÉMENTAIRE","141","BD MACDONALD",19,750017942
"13",14,"COLLÈGE PARIS NORD EST 111 BOULEVARD MACDONALD - PARIS 19",14,"COLLÈGE PARIS NORD EST","111","BD MACDONALD",19,750017930
"14",15,"ECOLE MATERNELLE 97 RUE MOUFFETARD - PARIS 05",15,"ECOLE MATERNELLE","97","RUE MOUFFETARD",5,750024499
"15",16,"ECOLE ÉLÉMENTAIRE 2 RUE PIERRE BROSSOLETTE - PARIS 05",16,"ECOLE ÉLÉMENTAIRE","2","RUE PIERRE BROSSOLETTE",5,750024784
"16",17,"ECOLE MATERNELLE 61 RUE VITRUVE - PARIS 20",17,"ECOLE MATERNELLE","61","RUE VITRUVE",20,750096490
"17",18,"ECOLE ÉLÉMENTAIRE A 16 RUE RIBLETTE - PARIS 20",18,"ECOLE ÉLÉMENTAIRE A","16","RUE RIBLETTE",20,750094912
"18",19,"ECOLE ÉLÉMENTAIRE B 14 RUE RIBLETTE - PARIS 20",19,"ECOLE ÉLÉMENTAIRE B","14","RUE RIBLETTE",20,750094911
"19",20,"COLLÈGE FLORA TRISTAN 4 RUE GALLERON - PARIS 20",20,"COLLÈGE FLORA TRISTAN","4","RUE GALLERON",20,750089229
"20",21,"ECOLE MATERNELLE 7 RUE DE MOSCOU - PARIS 08",21,"ECOLE MATERNELLE","7","RUE DE MOSCOU",8,750038280
"21",22,"ECOLE ÉLÉMENTAIRE 4 RUE DE FLORENCE - PARIS 08",22,"ECOLE ÉLÉMENTAIRE","4","RUE DE FLORENCE",8,750036281
"22",23,"COLLÈGE CONDORCET 61 RUE D'AMSTERDAM - PARIS 08",23,"COLLÈGE CONDORCET","61","RUE D'AMSTERDAM",8,750034533
"23",24,"ECOLE ÉLÉMENTAIRE 69 RUE DE L'OUEST - PARIS 14",24,"ECOLE ÉLÉMENTAIRE","69","RUE DE L'OUEST",14,750103961
"24",25,"ECOLE ÉLÉMENTAIRE 18 RUE JEAN ZAY - PARIS 14",25,"ECOLE ÉLÉMENTAIRE","18","RUE JEAN ZAY",14,750102341
"25",26,"ECOLE MATERNELLE 13 RUE DE L'OUEST - PARIS 14",26,"ECOLE MATERNELLE","13","RUE DE L'OUEST",14,750104012
"26",27,"COLLÈGE PAUL BERT 7 RUE HUYGHENS - PARIS 14",27,"COLLÈGE PAUL BERT","7","RUE HUYGHENS",14,750102166
"27",28,"COLLÈGE THOMAS MANN 91 AVENUE DE FRANCE - PARIS 13",28,"COLLÈGE THOMAS MANN","91","AV DE FRANCE",13,750150699
"28",29,"ECOLE ÉLÉMENTAIRE 21 RUE PRIMO LEVI - PARIS 13",29,"ECOLE ÉLÉMENTAIRE","21","RUE PRIMO LEVI",13,750161471
"29",30,"ECOLE ÉLÉMENTAIRE 8-10 RUE GEORGE BALANCHINE - PARIS 13",30,"ECOLE ÉLÉMENTAIRE","8-10","RUE GEORGE BALANCHINE",13,750142044
"30",31,"ECOLE MATERNELLE 21 RUE DU CAPITAINE LAGACHE - PARIS 17",31,"ECOLE MATERNELLE","21","RUE DU CAPITAINE LAGACHE",17,750132178
"31",32,"ECOLE ÉLÉMENTAIRE 19 RUE DU CAPITAINE LAGACHE - PARIS 17",32,"ECOLE ÉLÉMENTAIRE","19","RUE DU CAPITAINE LAGACHE",17,750132177
"32",33,"COLLÈGE STEPHANE MALLARME 29 RUE DE LA JONQUIERE - PARIS 17",33,"COLLÈGE STEPHANE MALLARME","29","RUE DE LA JONQUIERE",17,750135739
"33",34,"ECOLE MATERNELLE 14 PASSAGE SAINT ANGE - PARIS 17",34,"ECOLE MATERNELLE","14","PAS SAINT ANGE",17,750138734
"34",35,"ECOLE ÉLÉMENTAIRE 42 RUE POUCHET - PARIS 17",35,"ECOLE ÉLÉMENTAIRE","42","RUE POUCHET",17,750138304
"35",36,"ECOLE MATERNELLE 95 RUE BALARD - PARIS 15",36,"ECOLE MATERNELLE","95","RUE BALARD",15,750107533
"36",37,"ECOLE ÉLÉMENTAIRE 146 AVENUE FELIX FAURE - PARIS 15",37,"ECOLE ÉLÉMENTAIRE","146","AV FELIX FAURE",15,750111695
"37",38,"ECOLE MATERNELLE 72 RUE GUTENBERG - PARIS 15",38,"ECOLE MATERNELLE","72","RUE GUTENBERG",15,750112804
"38",39,"ECOLE ÉLÉMENTAIRE 50 RUE GUTENBERG - PARIS 15",39,"ECOLE ÉLÉMENTAIRE","50","RUE GUTENBERG",15,750112823
"39",40,"COLLÈGE ANDRE CITROEN 208 RUE SAINT CHARLES - PARIS 15",40,"COLLÈGE ANDRE CITROEN","208","RUE SAINT CHARLES",15,750116923
"40",41,"ECOLE MATERNELLE 16 RUE DAUTANCOURT - PARIS 17",41,"ECOLE MATERNELLE","16","RUE DAUTANCOURT",17,750133427
"41",42,"ECOLE ÉLÉMENTAIRE 23 AVENUE DE SAINT OUEN - PARIS 17",42,"ECOLE ÉLÉMENTAIRE","23","AV DE SAINT OUEN",17,750138935
"42",43,"ECOLE MATERNELLE 8 PASSAGE EMELIE - PARIS 19",43,"ECOLE MATERNELLE","8","PAS EMELIE",19,750015661
"43",44,"ECOLE ÉLÉMENTAIRE 9 RUE JOMARD - PARIS 19",44,"ECOLE ÉLÉMENTAIRE","9","RUE JOMARD",19,750017380
"44",45,"COLLÈGE W.A. MOZART 7 RUE JOMARD - PARIS 19",45,"COLLÈGE W.A. MOZART","7","RUE JOMARD",19,750017379
"45",46,"ECOLE MATERNELLE 31 RUE DU CHATEAU DES RENTIERS - PARIS 13",46,"ECOLE MATERNELLE","31","RUE DU CHATEAU DES RENTIERS",13,750067697
"46",47,"ECOLE ÉLÉMENTAIRE 37 RUE DU CHATEAU DES RENTIERS - PARIS 13",47,"ECOLE ÉLÉMENTAIRE","37","RUE DU CHATEAU DES RENTIERS",13,750067700
"47",48,"ECOLE ÉLÉMENTAIRE 40 RUE DU CHATEAU DES RENTIERS - PARIS 13",48,"ECOLE ÉLÉMENTAIRE","40","RUE DU CHATEAU DES RENTIERS",13,750067744
"48",49,"COLLÈGE GUSTAVE FLAUBERT 76/84 AVENUE D'IVRY - PARIS 13",49,"COLLÈGE GUSTAVE FLAUBERT","76/84","AV D'IVRY",13,750070811
"49",50,"ECOLE MATERNELLE 9 RUE DE BOULAINVILLIERS - PARIS 16",50,"ECOLE MATERNELLE","9","RUE DE BOULAINVILLIERS",16,750120215
"50",51,"ECOLE MATERNELLE 18 RUE GROS - PARIS 16",51,"ECOLE MATERNELLE","18","RUE GROS",16,750123473
"51",52,"ECOLE ÉLÉMENTAIRE 15 RUE DES BAUCHES - PARIS 16",52,"ECOLE ÉLÉMENTAIRE","15","RUE DES BAUCHES",16,750119561
"52",53,"ECOLE MATERNELLE 20 RUE DE PATAY - PARIS 13",53,"ECOLE MATERNELLE","20","RUE DE PATAY",13,750072765
"53",54,"ECOLE MATERNELLE 71 RUE DUNOIS - PARIS 13",54,"ECOLE MATERNELLE","71","RUE DUNOIS",13,750069259
"54",55,"ECOLE ÉLÉMENTAIRE 11 RUE PIERRE GOURDAULT - PARIS 13",55,"ECOLE ÉLÉMENTAIRE","11","RUE PIERRE GOURDAULT",13,750073005
"55",56,"COLLÈGE CLAUDE MONET 1 RUE DU DOCTEUR MAGNAN - PARIS 13",56,"COLLÈGE CLAUDE MONET","1","RUE DU DOCTEUR MAGNAN",13,750069076
"56",57,"ECOLE ÉLÉMENTAIRE B 4 RUE PIERRE FONCIN - PARIS 20",57,"ECOLE ÉLÉMENTAIRE B","4","RUE PIERRE FONCIN",20,750093488
"57",58,"ECOLE MATERNELLE 2 RUE PIERRE FONCIN - PARIS 20",58,"ECOLE MATERNELLE","2","RUE PIERRE FONCIN",20,750093487
"58",59,"ECOLE ÉLÉMENTAIRE A 8 RUE PIERRE FONCIN - PARIS 20",59,"ECOLE ÉLÉMENTAIRE A","8","RUE PIERRE FONCIN",20,750093490
"59",60,"COLLÈGE P MENDES-FRANCE 24/34 RUE LE VAU - PARIS 20",60,"COLLÈGE P MENDES-FRANCE","24/34","RUE LE VAU",20,750091068
"60",61,"ECOLE MATERNELLE 2 RUE CHARLES HERMITE - PARIS 18",61,"ECOLE MATERNELLE","2","RUE CHARLES HERMITE",18,750077200
"61",62,"ECOLE ÉLÉMENTAIRE 4 RUE CHARLES HERMITE - PARIS 18",62,"ECOLE ÉLÉMENTAIRE","4","RUE CHARLES HERMITE",18,750077201
"62",63,"COLLÈGE DANIEL MAYER 2 PLACE HEBERT - PARIS 18",63,"COLLÈGE DANIEL MAYER","2","PL HEBERT",18,750079691
"63",64,"ECOLE MATERNELLE 16 BOULEVARD CARNOT - PARIS 12",64,"ECOLE MATERNELLE","16","BD CARNOT",12,750058654
"64",65,"ECOLE ÉLÉMENTAIRE B 8 AVENUE LAMORICIERE - PARIS 12",65,"ECOLE ÉLÉMENTAIRE B","8","AV LAMORICIERE",12,750061830
"65",66,"ECOLE ÉLÉMENTAIRE A 10 AVENUE LAMORICIERE - PARIS 12",66,"ECOLE ÉLÉMENTAIRE A","10","AV LAMORICIERE",12,750061831
"66",67,"COLLÈGE PAUL VALERY 38 BOULEVARD SOULT - PARIS 12",67,"COLLÈGE PAUL VALERY","38","BD SOULT",12,750064434
"67",68,"ECOLE ÉLÉMENTAIRE 14-16 RUE FOREST - PARIS 18",68,"ECOLE ÉLÉMENTAIRE","14-16","RUE FOREST",18,750079195
"68",69,"COLLÈGE JULES FERRY 77 BOULEVARD DE CLICHY - PARIS 09",69,"COLLÈGE JULES FERRY","77","BD DE CLICHY",9,750040909
"69",70,"ECOLE MATERNELLE 53 ALLEE DARIUS MILHAUD - PARIS 19",70,"ECOLE MATERNELLE","53","ALL DARIUS MILHAUD",19,750015227
"70",71,"ECOLE ÉLÉMENTAIRE 40 B RUE MANIN - PARIS 19",71,"ECOLE ÉLÉMENTAIRE","40B","RUE MANIN",19,750018227
"71",72,"COLLÈGE EDGAR VARESE 1-9 RUE EDGARD VARESE - PARIS 19",72,"COLLÈGE EDGAR VARESE","1-9","RUE EDGARD VARESE",19,750015545
"72",73,"ECOLE MATERNELLE 2 PLACE LACHAMBEAUDIE - PARIS 12",73,"ECOLE MATERNELLE","2","PL LACHAMBEAUDIE",12,750061758
"73",74,"ECOLE ÉLÉMENTAIRE 5 RUE GERTY ARCHIMEDE - PARIS 12",74,"ECOLE ÉLÉMENTAIRE","5","RUE GERTY ARCHIMEDE",12,750166833
"74",75,"ECOLE MATERNELLE 5 CITE SOUZY - PARIS 11",75,"ECOLE MATERNELLE","5","CITE SOUZY",11,750056789
"75",76,"ECOLE MATERNELLE 4-12 CITE SOUZY - PARIS 11",76,"ECOLE MATERNELLE","4-12","CITE SOUZY",11,750056794
"76",77,"ECOLE ÉLÉMENTAIRE 14 RUE TITON - PARIS 11",77,"ECOLE ÉLÉMENTAIRE","14","RUE TITON",11,750056980
"77",78,"COLLÈGE PILATRE DE ROZIER 11 RUE BOUVIER - PARIS 11",78,"COLLÈGE PILATRE DE ROZIER","11","RUE BOUVIER",11,750143789
"78",79,"ECOLE MATERNELLE 4 RUE PIERRE BULLET - PARIS 10",79,"ECOLE MATERNELLE","4","RUE PIERRE BULLET",10,750048912
"79",80,"ECOLE ÉLÉMENTAIRE 34 RUE DU FAUBOURG SAINT DENIS - PARIS 10",80,"ECOLE ÉLÉMENTAIRE","34","RUE DU FAUBOURG SAINT DENIS",10,750046959
"80",81,"COLLÈGE LOUISE MICHEL 11 RUE JEAN POULMARCH - PARIS 10",81,"COLLÈGE LOUISE MICHEL","11","RUE JEAN POULMARCH",10,750047721
"81",82,"ECOLE MATERNELLE 18 RUE DE LA FEDERATION - PARIS 15",82,"ECOLE MATERNELLE","18","RUE DE LA FEDERATION",15,750111542
"82",83,"ECOLE ÉLÉMENTAIRE 21 RUE DUPLEIX - PARIS 15",83,"ECOLE ÉLÉMENTAIRE","21","RUE DUPLEIX",15,750110502
"83",84,"ECOLE MATERNELLE 94 RUE DES COURONNES - PARIS 20",84,"ECOLE MATERNELLE","94","RUE DES COURONNES",20,750087931
"84",85,"ECOLE ÉLÉMENTAIRE 42 RUE DE LA MARE - PARIS 20",85,"ECOLE ÉLÉMENTAIRE","42","RUE DE LA MARE",20,750091576
"85",86,"COLLÈGE J-B CLEMENT 26 RUE HENRI CHEVREAU - PARIS 20",86,"COLLÈGE J-B CLEMENT","26","RUE HENRI CHEVREAU",20,750090161
"86",87,"ECOLE MATERNELLE 15 RUE DE TANGER - PARIS 19",87,"ECOLE MATERNELLE","15","RUE DE TANGER",19,750021040
"87",88,"ECOLE ÉLÉMENTAIRE 17 RUE DE TANGER - PARIS 19",88,"ECOLE ÉLÉMENTAIRE","17","RUE DE TANGER",19,750021042
"88",89,"COLLÈGE SONIA DELAUNAY 14 RUE EURYALE DEHAYNIN - PARIS 19",89,"COLLÈGE SONIA DELAUNAY","14","RUE EURYALE DEHAYNIN",19,750015915
"89",90,"ECOLE MATERNELLE 8 RUE BARBANEGRE - PARIS 19",90,"ECOLE MATERNELLE","8","RUE BARBANEGRE",19,750013746
"90",91,"ECOLE ÉLÉMENTAIRE B 7 RUE BARBANEGRE (ECOLE B) - PARIS 19",91,"ECOLE ÉLÉMENTAIRE B","7","RUE BARBANEGRE (ECOLE B)",19,750013736
"91",92,"ECOLE ÉLÉMENTAIRE A 7 RUE BARBANEGRE (ECOLE A) - PARIS 19",92,"ECOLE ÉLÉMENTAIRE A","7","RUE BARBANEGRE (ECOLE A)",19,750013736
"92",93,"ECOLE MATERNELLE 26 RUE ARCHEREAU - PARIS 19",93,"ECOLE MATERNELLE","26","RUE ARCHEREAU",19,750013285
"93",94,"ECOLE ÉLÉMENTAIRE A 105B RUE DE L'OURCQ (ECOLE A) - PARIS 19",94,"ECOLE ÉLÉMENTAIRE A","105B","RUE DE L'OURCQ (ECOLE A)",19,750019114
"94",95,"ECOLE ÉLÉMENTAIRE B 105B RUE DE L'OURCQ (ECOLE B) - PARIS 19",95,"ECOLE ÉLÉMENTAIRE B","105B","RUE DE L'OURCQ (ECOLE B)",19,750019114
"95",96,"ECOLE MATERNELLE 41 RUE DE TANGER - PARIS 19",96,"ECOLE MATERNELLE","41","RUE DE TANGER",19,750021056
"96",97,"ECOLE ÉLÉMENTAIRE A 41 RUE DE TANGER (ECOLE A) - PARIS 19",97,"ECOLE ÉLÉMENTAIRE A","41","RUE DE TANGER (ECOLE A)",19,750021056
"97",98,"ECOLE ÉLÉMENTAIRE B 41 RUE DE TANGER (ECOLE B) - PARIS 19",98,"ECOLE ÉLÉMENTAIRE B","41","RUE DE TANGER (ECOLE B)",19,750021056
"98",99,"ECOLE MATERNELLE 5 ALLEE DES EIDERS - PARIS 19",99,"ECOLE MATERNELLE","5","ALL DES EIDERS",19,750015645
"99",100,"COLLÈGE AIME CESAIRE 22 RUE PAJOL - PARIS 18",100,"COLLÈGE AIME CESAIRE","22","RUE PAJOL",18,750082878
"100",101,"ECOLE ÉLÉMENTAIRE 15 RUE COLETTE MAGNY - PARIS 19",101,"ECOLE ÉLÉMENTAIRE","15","RUE COLETTE MAGNY",19,750172251
"101",102,"ECOLE ÉLÉMENTAIRE 17 RUE COLETTE MAGNY - PARIS 19",102,"ECOLE ÉLÉMENTAIRE","17","RUE COLETTE MAGNY",19,750172254
"102",103,"ECOLE ÉLÉMENTAIRE 14 RUE MATHIS - PARIS 19",103,"ECOLE ÉLÉMENTAIRE","14","RUE MATHIS",19,750018423
"103",104,"ECOLE MATERNELLE 34 RUE DU MAROC - PARIS 19",104,"ECOLE MATERNELLE","34","RUE DU MAROC",19,750018365
"104",105,"COLLÈGE GEORGES MELIES 43/47 RUE DE TANGER - PARIS 19",105,"COLLÈGE GEORGES MELIES","43/47","RUE DE TANGER",19,750021057
"105",106,"COLLÈGE EDMOND MICHELET 70 RUE DE L'OURCQ - PARIS 19",106,"COLLÈGE EDMOND MICHELET","70","RUE DE L'OURCQ",19,750019235
"106",107,"ECOLE MATERNELLE 63 RUE ARCHEREAU - PARIS 19",107,"ECOLE MATERNELLE","63","RUE ARCHEREAU",19,750013221
"107",108,"ECOLE MATERNELLE 29 RUE DE LA PREVOYANCE - PARIS 19",108,"ECOLE MATERNELLE","29","RUE DE LA PREVOYANCE",19,750019819
"108",109,"ECOLE ÉLÉMENTAIRE A 106 RUE COMPANS - PARIS 19",109,"ECOLE ÉLÉMENTAIRE A","106","RUE COMPANS",19,750014687
"109",110,"ECOLE ÉLÉMENTAIRE 7 RUE DU GENERAL BRUNET - PARIS 19",110,"ECOLE ÉLÉMENTAIRE","7","RUE DU GENERAL BRUNET",19,750016403
"110",111,"COLLÈGE GEORGES ROUAULT 3 RUE DU NOYER DURAND - PARIS 19",111,"COLLÈGE GEORGES ROUAULT","3","RUE DU NOYER DURAND",19,750019024
"111",112,"ECOLE ÉLÉMENTAIRE 10 RUE LE VAU - PARIS 20",112,"ECOLE ÉLÉMENTAIRE","10","RUE LE VAU",20,750091061
"112",113,"ECOLE MATERNELLE 8 RUE LE VAU - PARIS 20",113,"ECOLE MATERNELLE","8","RUE LE VAU",20,750091060
"113",114,"ECOLE ÉLÉMENTAIRE A 20 RUE LE VAU - PARIS 20",114,"ECOLE ÉLÉMENTAIRE A","20","RUE LE VAU",20,750091066
"114",115,"COLLÈGE PAUL VERLAINE 165 RUE DE BERCY - PARIS 12",115,"COLLÈGE PAUL VERLAINE","165","RUE DE BERCY",12,750058248
"115",116,"ECOLE MATERNELLE 47 RUE ARMAND CARREL - PARIS 19",116,"ECOLE MATERNELLE","47","RUE ARMAND CARREL",19,750013419
"116",117,"ECOLE ÉLÉMENTAIRE 43 RUE ARMAND CARREL - PARIS 19",117,"ECOLE ÉLÉMENTAIRE","43","RUE ARMAND CARREL",19,750013417
"117",118,"COLLÈGE EDOUARD PAILLERON 33 RUE EDOUARD PAILLERON - PARIS 19",118,"COLLÈGE EDOUARD PAILLERON","33","RUE EDOUARD PAILLERON",19,750015566
"118",119,"ECOLE MATERNELLE 3B RUE D'ALESIA - PARIS 14",119,"ECOLE MATERNELLE","3B","RUE D'ALESIA",14,750098364
"119",120,"ECOLE ÉLÉMENTAIRE 3 RUE D'ALESIA - PARIS 14",120,"ECOLE ÉLÉMENTAIRE","3","RUE D'ALESIA",14,750098364
"120",121,"COLLÈGE GEORGES BRAQUE 91/95 RUE BRILLAT SAVARIN - PARIS 13",121,"COLLÈGE GEORGES BRAQUE","91/95","RUE BRILLAT SAVARIN",13,750067082
"121",122,"ECOLE MATERNELLE 29 RUE DES LONGUES RAIES - PARIS 13",122,"ECOLE MATERNELLE","29","RUE DES LONGUES RAIES",13,750071577
"122",123,"ECOLE ÉLÉMENTAIRE 8 RUE KUSS - PARIS 13",123,"ECOLE ÉLÉMENTAIRE","8","RUE KUSS",13,750071329
"123",124,"ECOLE MATERNELLE 8 RUE KUSS - PARIS 13",124,"ECOLE MATERNELLE","8","RUE KUSS",13,750071329
"124",125,"COLLÈGE EVARISTE GALOIS 11 RUE DU DOCTEUR BOURNEVILLE - PARIS 13",125,"COLLÈGE EVARISTE GALOIS","11","RUE DU DOCTEUR BOURNEVILLE",13,750143878
"125",126,"ECOLE ÉLÉMENTAIRE 8 RUE ROBERT ESTIENNE - PARIS 08",126,"ECOLE ÉLÉMENTAIRE","8","RUE ROBERT ESTIENNE",8,750038895
"126",127,"COLLÈGE JULES ROMAINS 6 RUE CLER - PARIS 07",127,"COLLÈGE JULES ROMAINS","6","RUE CLER",7,750031032
"127",128,"ECOLE MATERNELLE 22 AVENUE PORTE DE VILLIERS - PARIS 17",128,"ECOLE MATERNELLE","22","AV DE LA PORTE DE VILLIERS",17,750138180
"128",129,"ECOLE ÉLÉMENTAIRE 7 AVENUE DE LA PTE CHAMPERRET - PARIS 17",129,"ECOLE ÉLÉMENTAIRE","7","AV DE LA PTE CHAMPERRET",17,750138088
"129",130,"COLLÈGE ANDRE MALRAUX 5 BIS RUE SAINT FERDINAND - PARIS 17",130,"COLLÈGE ANDRE MALRAUX","5BIS","RUE SAINT FERDINAND",17,750138771
"130",131,"COLLÈGE MOLIERE 71 RUE DU RANELAGH - PARIS 16",131,"COLLÈGE MOLIERE","71","RUE DU RANELAGH",16,750128194
"131",132,"ECOLE MATERNELLE 27 AVENUE DU PARC DES PRINCES - PARIS 16",132,"ECOLE MATERNELLE","27","AV DU PARC DES PRINCES",16,750126952
"132",133,"ECOLE ÉLÉMENTAIRE 23 AVENUE DU PARC DES PRINCES - PARIS 16",133,"ECOLE ÉLÉMENTAIRE","23","AV DU PARC DES PRINCES",16,750126950
"133",134,"COLLÈGE J DE LA FONTAINE 1 PLACE DE LA PORTE MOLITOR - PARIS 16",134,"COLLÈGE J DE LA FONTAINE","1","PL DE LA PORTE MOLITOR",16,750127900
"134",135,"COLLÈGE EUGENE DELACROIX 13/15 RUE EUGENE DELACROIX - PARIS 16",135,"COLLÈGE EUGENE DELACROIX","13/15","RUE EUGENE DELACROIX",16,750122076
"135",136,"COLLÈGE JANSON DE SAILLY 106 RUE DE LA POMPE - PARIS 16",136,"COLLÈGE JANSON DE SAILLY","106","RUE DE LA POMPE",16,750127804
"136",137,"ECOLE MATERNELLE 38 RUE DES PERCHAMPS - PARIS 16",137,"ECOLE MATERNELLE","38","RUE DES PERCHAMPS",16,750127339
"137",138,"ECOLE ÉLÉMENTAIRE 17-23 RUE BOILEAU - PARIS 16",138,"ECOLE ÉLÉMENTAIRE","17-23","RUE BOILEAU",16,750119921
"138",139,"ECOLE MATERNELLE 24 RUE DELAMBRE - PARIS 14",139,"ECOLE MATERNELLE","24","RUE DELAMBRE",14,750100445
"139",140,"ECOLE ÉLÉMENTAIRE 24 RUE DELAMBRE - PARIS 14",140,"ECOLE ÉLÉMENTAIRE","24","RUE DELAMBRE",14,750100445
"140",141,"ECOLE MATERNELLE 10 RUE FRANCOIS COPPEE - PARIS 15",141,"ECOLE MATERNELLE","10","RUE FRANCOIS COPPEE",15,750111949
"141",142,"ECOLE ÉLÉMENTAIRE 14 RUE FRANCOIS COPPEE - PARIS 15",142,"ECOLE ÉLÉMENTAIRE","14","RUE FRANCOIS COPPEE",15,750111951
"142",143,"ECOLE MATERNELLE 23 RUE BOULARD - PARIS 14",143,"ECOLE MATERNELLE","23","RUE BOULARD",14,750099350
"143",144,"ECOLE ÉLÉMENTAIRE 46 RUE BOULARD - PARIS 14",144,"ECOLE ÉLÉMENTAIRE","46","RUE BOULARD",14,750099380
"144",145,"ECOLE MATERNELLE 5 RUE LACORDAIRE - PARIS 15",145,"ECOLE MATERNELLE","5","RUE LACORDAIRE",15,750113620
"145",146,"ECOLE ÉLÉMENTAIRE 7 RUE LACORDAIRE - PARIS 15",146,"ECOLE ÉLÉMENTAIRE","7","RUE LACORDAIRE",15,750113621
"146",147,"ECOLE MATERNELLE 64 RUE CHARDON LAGACHE - PARIS 16",147,"ECOLE MATERNELLE","64","RUE CHARDON LAGACHE",16,750120663
"147",148,"ECOLE ÉLÉMENTAIRE 20 RUE DE MUSSET - PARIS 16",148,"ECOLE ÉLÉMENTAIRE","20","RUE DE MUSSET",16,750126729
"148",149,"ECOLE MATERNELLE 56 RUE BOISSIERE - PARIS 16",149,"ECOLE MATERNELLE","56","RUE BOISSIERE",16,750120106
"149",150,"ECOLE ÉLÉMENTAIRE 21 RUE DE L'AMIRAL HAMELIN - PARIS 16",150,"ECOLE ÉLÉMENTAIRE","21","RUE DE L'AMIRAL HAMELIN",16,750161295
"150",151,"ECOLE MATERNELLE 15 RUE ANTOINE CHANTIN - PARIS 14",151,"ECOLE MATERNELLE","15","RUE ANTOINE CHANTIN",14,750098783
"151",152,"ECOLE ÉLÉMENTAIRE 20 RUE ANTOINE CHANTIN - PARIS 14",152,"ECOLE ÉLÉMENTAIRE","20","RUE ANTOINE CHANTIN",14,750098802
"152",153,"ECOLE MATERNELLE 25 RUE DE PASSY - PARIS 16",153,"ECOLE MATERNELLE","25","RUE DE PASSY",16,750127042
"153",154,"ECOLE ÉLÉMENTAIRE 8 RUE CHERNOVIZ - PARIS 16",154,"ECOLE ÉLÉMENTAIRE","8","RUE CHERNOVIZ",16,750120732
"154",155,"ECOLE MATERNELLE 3 PLACE DU CARDINAL AMETTE - PARIS 15",155,"ECOLE MATERNELLE","3","PL DU CARDINAL AMETTE",15,750108482
"155",156,"ECOLE ÉLÉMENTAIRE 3 PLACE DU CARDINAL AMETTE - PARIS 15",156,"ECOLE ÉLÉMENTAIRE","3","PL DU CARDINAL AMETTE",15,750108482
"156",157,"ECOLE MATERNELLE 5 RUE GUSTAVE ZEDE - PARIS 16",157,"ECOLE MATERNELLE","5","RUE GUSTAVE ZEDE",16,750123575
"157",158,"ECOLE ÉLÉMENTAIRE 10 RUE DES BAUCHES - PARIS 16",158,"ECOLE ÉLÉMENTAIRE","10","RUE DES BAUCHES",16,750119566
"158",159,"ECOLE MATERNELLE 58 RUE ERLANGER - PARIS 16",159,"ECOLE MATERNELLE","58","RUE ERLANGER",16,750122000
"159",160,"ECOLE ÉLÉMENTAIRE 51 RUE MICHEL ANGE - PARIS 16",160,"ECOLE ÉLÉMENTAIRE","51","RUE MICHEL ANGE",16,750125959
"160",161,"ECOLE ÉLÉMENTAIRE 54 RUE BOISSIERE - PARIS 16",161,"ECOLE ÉLÉMENTAIRE","54","RUE BOISSIERE",16,750120105
"161",162,"COLLÈGE CLAUDE BERNARD 1 AVENUE DU PARC DES PRINCES - PARIS 16",162,"COLLÈGE CLAUDE BERNARD","1","AV DU PARC DES PRINCES",16,750126953
"162",163,"ECOLE MATERNELLE 28 RUE BROCHANT - PARIS 17",163,"ECOLE MATERNELLE","28","RUE BROCHANT",17,750132106
"163",164,"ECOLE ÉLÉMENTAIRE 105 RUE LEMERCIER - PARIS 17",164,"ECOLE ÉLÉMENTAIRE","105","RUE LEMERCIER",17,750136362
"164",165,"COLLÈGE SAUSSURE 34 RUE MARIE-GEORGES PICQUART - PARIS 17",165,"COLLÈGE SAUSSURE","34","RUE MARIE-GEORGES PICQUART",17,750175211
"165",166,"ECOLE MATERNELLE 56 RUE BAYEN - PARIS 17",166,"ECOLE MATERNELLE","56","RUE BAYEN",17,750131346
"166",167,"ECOLE ÉLÉMENTAIRE 221 BOULEVARD PEREIRE - PARIS 17",167,"ECOLE ÉLÉMENTAIRE","221","BD PEREIRE",17,750137535
"167",168,"ECOLE MATERNELLE 8 RUE DES TAPISSERIES - PARIS 17",168,"ECOLE MATERNELLE","8","RUE DES TAPISSERIES",17,750139345
"168",169,"ECOLE ÉLÉMENTAIRE 101 RUE DE SAUSSURE - PARIS 17",169,"ECOLE ÉLÉMENTAIRE","101","RUE DE SAUSSURE",17,750139152
"169",170,"ECOLE MATERNELLE 3 RUE GUSTAVE DORE - PARIS 17",170,"ECOLE MATERNELLE","3","RUE GUSTAVE DORE",17,750134921
"170",171,"ECOLE ÉLÉMENTAIRE 112 BOULEVARD BERTHIER - PARIS 17",171,"ECOLE ÉLÉMENTAIRE","112","BD BERTHIER",17,750131477
"171",172,"ECOLE MATERNELLE 221 BOULEVARD PEREIRE - PARIS 17",172,"ECOLE MATERNELLE","221","BD PEREIRE",17,750137535
"172",173,"ECOLE ÉLÉMENTAIRE 16 RUE LAUGIER - PARIS 17",173,"ECOLE ÉLÉMENTAIRE","16","RUE LAUGIER",17,750135995
"173",174,"COLLÈGE PIERRE DE RONSARD 140 AVENUE DE WAGRAM - PARIS 17",174,"COLLÈGE PIERRE DE RONSARD","140","AV DE WAGRAM",17,750140317
"174",175,"ECOLE MATERNELLE 31 RUE DES RENAUDES - PARIS 17",175,"ECOLE MATERNELLE","31","RUE DES RENAUDES",17,750133607
"175",176,"ECOLE MATERNELLE 48 RUE DE SAUSSURE - PARIS 17",176,"ECOLE MATERNELLE","48","RUE DE SAUSSURE",17,750139209
"176",177,"ECOLE ÉLÉMENTAIRE 49 RUE LEGENDRE - PARIS 17",177,"ECOLE ÉLÉMENTAIRE","49","RUE LEGENDRE",17,750136153
"177",178,"ECOLE MATERNELLE 18 RUE AMPERE - PARIS 17",178,"ECOLE MATERNELLE","18","RUE AMPERE",17,750130910
"178",179,"ECOLE ÉLÉMENTAIRE 18 RUE AMPERE - PARIS 17",179,"ECOLE ÉLÉMENTAIRE","18","RUE AMPERE",17,750130910
"179",180,"ECOLE MATERNELLE 33 RUE MIOLLIS - PARIS 15",180,"ECOLE MATERNELLE","33","RUE MIOLLIS",15,750115153
"180",181,"ECOLE MATERNELLE 13 RUE CEPRE - PARIS 15",181,"ECOLE MATERNELLE","13","RUE CEPRE",15,750108709
"181",182,"ECOLE ÉLÉMENTAIRE 33 BIS RUE MIOLLIS - PARIS 15",182,"ECOLE ÉLÉMENTAIRE","33BIS","RUE MIOLLIS",15,750115153
"182",183,"ECOLE MATERNELLE 18 RUE SERGE PROKOFIEV - PARIS 16",183,"ECOLE MATERNELLE","18","RUE SERGE PROKOFIEV",16,750128959
"183",184,"ECOLE MATERNELLE 23 RUE JACQUIER - PARIS 14",184,"ECOLE MATERNELLE","23","RUE JACQUIER",14,750102192
"184",185,"ECOLE ÉLÉMENTAIRE 28 RUE PIERRE LAROUSSE - PARIS 14",185,"ECOLE ÉLÉMENTAIRE","28","RUE PIERRE LAROUSSE",14,750104435
"185",186,"COLLÈGE FRANCOIS VILLON 10/16 AVENUE MARC SANGNIER - PARIS 14",186,"COLLÈGE FRANCOIS VILLON","10/16","AV MARC SANGNIER",14,750103162
"186",187,"ECOLE ÉLÉMENTAIRE 3 BOULEVARD DES FRERES VOISIN - PARIS 15",187,"ECOLE ÉLÉMENTAIRE","3","BD DES FRERES VOISIN",15,750112114
"187",188,"COLLÈGE GEORGES DUHAMEL 13 RUE DES VOLONTAIRES - PARIS 15",188,"COLLÈGE GEORGES DUHAMEL","13","RUE DES VOLONTAIRES",15,750118623
"188",189,"ECOLE MATERNELLE 11B AVENUE PARMENTIER - PARIS 11",189,"ECOLE MATERNELLE","11B","AV PARMENTIER",11,750054734
"189",190,"ECOLE ÉLÉMENTAIRE 11B AVENUE PARMENTIER - PARIS 11",190,"ECOLE ÉLÉMENTAIRE","11B","AV PARMENTIER",11,750054734
"190",191,"COLLÈGE ALAIN FOURNIER 87 RUE LEON FROT - PARIS 11",191,"COLLÈGE ALAIN FOURNIER","87","RUE LEON FROT",11,750053564
"191",192,"ECOLE MATERNELLE 144 RUE DE LA ROQUETTE - PARIS 11",192,"ECOLE MATERNELLE","144","RUE DE LA ROQUETTE",11,750056040
"192",193,"ECOLE ÉLÉMENTAIRE A 22 RUE SAINT MAUR - PARIS 11",193,"ECOLE ÉLÉMENTAIRE A","22","RUE SAINT MAUR",11,750056405
"193",194,"ECOLE MATERNELLE 34 RUE SARRETTE - PARIS 14",194,"ECOLE MATERNELLE","34","RUE SARRETTE",14,750105752
"194",195,"ECOLE ÉLÉMENTAIRE 5 RUE PRISSE D'AVENNES - PARIS 14",195,"ECOLE ÉLÉMENTAIRE","5","RUE PRISSE D'AVENNES",14,750104777
"195",196,"COLLÈGE ALPHONSE DAUDET 93 RUE D'ALESIA - PARIS 14",196,"COLLÈGE ALPHONSE DAUDET","93","RUE D'ALESIA",14,750098423
"196",197,"ECOLE MATERNELLE 55 RUE SARRETTE - PARIS 14",197,"ECOLE MATERNELLE","55","RUE SARRETTE",14,750105746
"197",198,"COLLÈGE CLAUDE DEBUSSY 4 PLACE DU COMMERCE - PARIS 15",198,"COLLÈGE CLAUDE DEBUSSY","4","PL DU COMMERCE",15,750109202
"198",199,"ECOLE MATERNELLE 38 RUE VIOLET - PARIS 15",199,"ECOLE MATERNELLE","38","RUE VIOLET",15,750118577
"199",200,"ECOLE ÉLÉMENTAIRE 12 RUE FONDARY - PARIS 15",200,"ECOLE ÉLÉMENTAIRE","12","RUE FONDARY",15,750111880
"200",201,"COLLÈGE JEAN MOULIN 75 RUE D'ALESIA - PARIS 14",201,"COLLÈGE JEAN MOULIN","75","RUE D'ALESIA",14,750098396
"201",202,"ECOLE MATERNELLE 83 RUE MADEMOISELLE - PARIS 15",202,"ECOLE MATERNELLE","83","RUE MADEMOISELLE",15,750114863
"202",203,"ECOLE ÉLÉMENTAIRE 81 RUE MADEMOISELLE - PARIS 15",203,"ECOLE ÉLÉMENTAIRE","81","RUE MADEMOISELLE",15,750114862
"203",204,"COLLÈGE CAMILLE SEE 11 RUE LEON LHERMITTE - PARIS 15",204,"COLLÈGE CAMILLE SEE","11","RUE LEON LHERMITTE",15,750114402
"204",205,"ECOLE MATERNELLE 17 RUE DES VOLONTAIRES - PARIS 15",205,"ECOLE MATERNELLE","17","RUE DES VOLONTAIRES",15,750118625
"205",206,"ECOLE ÉLÉMENTAIRE 19 RUE BLOMET - PARIS 15",206,"ECOLE ÉLÉMENTAIRE","19","RUE BLOMET",15,750107889
"206",207,"ECOLE MATERNELLE 66 RUE DE LA PROCESSION - PARIS 15",207,"ECOLE MATERNELLE","66","RUE DE LA PROCESSION",15,750116352
"207",208,"ECOLE ÉLÉMENTAIRE B 11 RUE VIGEE LEBRUN - PARIS 15",208,"ECOLE ÉLÉMENTAIRE B","11","RUE VIGEE LEBRUN",15,750118480
"208",209,"ECOLE ÉLÉMENTAIRE A 17 RUE VIGEE LEBRUN - PARIS 15",209,"ECOLE ÉLÉMENTAIRE A","17","RUE VIGEE LEBRUN",15,750118483
"209",210,"ECOLE MATERNELLE 15 RUE ARISTIDE MAILLOL - PARIS 15",210,"ECOLE MATERNELLE","15","RUE ARISTIDE MAILLOL",15,750107279
"210",211,"ECOLE MATERNELLE 42 RUE D'ALLERAY - PARIS 15",211,"ECOLE MATERNELLE","42","RUE D'ALLERAY",15,750106920
"211",212,"ECOLE ÉLÉMENTAIRE 3 RUE CORBON - PARIS 15",212,"ECOLE ÉLÉMENTAIRE","3","RUE CORBON",15,750109556
"212",213,"COLLÈGE MODIGLIANI 1 RUE DE CHERBOURG - PARIS 15",213,"COLLÈGE MODIGLIANI","1","RUE DE CHERBOURG",15,750109025
"213",214,"ECOLE MATERNELLE 40 RUE DES MORILLONS - PARIS 15",214,"ECOLE MATERNELLE","40","RUE DES MORILLONS",15,750115501
"214",215,"ECOLE ÉLÉMENTAIRE 15 RUE DE CHERBOURG - PARIS 15",215,"ECOLE ÉLÉMENTAIRE","15","RUE DE CHERBOURG",15,750109032
"215",216,"ECOLE MATERNELLE 102 RUE D'ALLERAY - PARIS 15",216,"ECOLE MATERNELLE","102","RUE D'ALLERAY",15,750106950
"216",217,"COLLÈGE BORIS VIAN 76 BOULEVARD BERTHIER - PARIS 17",217,"COLLÈGE BORIS VIAN","76","BD BERTHIER",17,750131534
"217",218,"ECOLE MATERNELLE 16 RUE DU COLONEL MOLL - PARIS 17",218,"ECOLE MATERNELLE","16","RUE DU COLONEL MOLL",17,750132983
"218",219,"ECOLE ÉLÉMENTAIRE 16 RUE DU COLONEL MOLL - PARIS 17",219,"ECOLE ÉLÉMENTAIRE","16","RUE DU COLONEL MOLL",17,750132983
"219",220,"ECOLE MATERNELLE 20 RUE PAUL VALERY - PARIS 16",220,"ECOLE MATERNELLE","20","RUE PAUL VALERY",16,750127304
"220",221,"ECOLE ÉLÉMENTAIRE 18 RUE PAUL VALERY - PARIS 16",221,"ECOLE ÉLÉMENTAIRE","18","RUE PAUL VALERY",16,750127303
"221",222,"ECOLE MATERNELLE 7 AVENUE MAURICE D'OCAGNE - PARIS 14",222,"ECOLE MATERNELLE","7","AV MAURICE D'OCAGNE",14,750140921
"222",223,"ECOLE ÉLÉMENTAIRE 7 AVENUE MAURICE D'OCAGNE - PARIS 14",223,"ECOLE ÉLÉMENTAIRE","7","AV MAURICE D'OCAGNE",14,750140921
"223",224,"ECOLE MATERNELLE 141 AVENUE DE VERSAILLES - PARIS 16",224,"ECOLE MATERNELLE","141","AV DE VERSAILLES",16,750129896
"224",225,"COLLÈGE JEAN-BAPTISTE SAY 11 BIS RUE D'AUTEUIL - PARIS 16",225,"COLLÈGE JEAN-BAPTISTE SAY","11BIS","RUE D'AUTEUIL",16,750119385
"225",226,"COLLÈGE MME DE STAEL 14 RUE DE STAEL - PARIS 15",226,"COLLÈGE MME DE STAEL","14","RUE DE STAEL",15,750117365
"226",227,"ECOLE ÉLÉMENTAIRE 41B RUE JEAN DE LA FONTAINE - PARIS 16",227,"ECOLE ÉLÉMENTAIRE","41B","RUE JEAN DE LA FONTAINE",16,750164326
"227",228,"COLLÈGE G APOLLINAIRE 39 AVENUE EMILE ZOLA - PARIS 15",228,"COLLÈGE G APOLLINAIRE","39","AV EMILE ZOLA",15,NA
"228",229,"ECOLE ÉLÉMENTAIRE 12 RUE D'ALESIA - PARIS 14",229,"ECOLE ÉLÉMENTAIRE","12","RUE D'ALESIA",14,750098513
"229",230,"ECOLE MATERNELLE 14 RUE EBLE - PARIS 07",230,"ECOLE MATERNELLE","14","RUE EBLE",7,750031304
"230",231,"ECOLE ÉLÉMENTAIRE 42 AVENUE DUQUESNE - PARIS 07",231,"ECOLE ÉLÉMENTAIRE","42","AV DUQUESNE",7,750031222
"231",232,"ECOLE ÉLÉMENTAIRE 14 RUE EBLE - PARIS 07",232,"ECOLE ÉLÉMENTAIRE","14","RUE EBLE",7,750031304
"232",233,"ECOLE MATERNELLE 7 SQUARE ALAIN-FOURNIER - PARIS 14",233,"ECOLE MATERNELLE","7","SQ ALAIN-FOURNIER",14,750167067
"233",234,"ECOLE ÉLÉMENTAIRE 5 SQUARE ALAIN-FOURNIER - PARIS 14",234,"ECOLE ÉLÉMENTAIRE","5","SQ ALAIN-FOURNIER",14,750167066
"234",235,"ECOLE MATERNELLE 9 RUE VARET - PARIS 15",235,"ECOLE MATERNELLE","9","RUE VARET",15,750117805
"235",236,"ECOLE ÉLÉMENTAIRE 197 RUE SAINT CHARLES - PARIS 15",236,"ECOLE ÉLÉMENTAIRE","197","RUE SAINT CHARLES",15,750116775
"236",237,"ECOLE MATERNELLE 15B RUE SAINT DIDIER - PARIS 16",237,"ECOLE MATERNELLE","15B","RUE SAINT DIDIER",16,750128796
"237",238,"ECOLE MATERNELLE 3 RUE JONGKIND - PARIS 15",238,"ECOLE MATERNELLE","3","RUE JONGKIND",15,750113410
"238",239,"ECOLE MATERNELLE 24 RUE CHRISTINE DE PISAN - PARIS 17",239,"ECOLE MATERNELLE","24","RUE CHRISTINE DE PISAN",17,750132657
"239",240,"ECOLE MATERNELLE 34 RUE OLIVIER DE SERRES - PARIS 15",240,"ECOLE MATERNELLE","34","RUE OLIVIER DE SERRES",15,750115663
"240",241,"ECOLE ÉLÉMENTAIRE 27 RUE OLIVIER DE SERRES - PARIS 15",241,"ECOLE ÉLÉMENTAIRE","27","RUE OLIVIER DE SERRES",15,750115610
"241",242,"ECOLE MATERNELLE 99 RUE OLIVIER DE SERRES - PARIS 15",242,"ECOLE MATERNELLE","99","RUE OLIVIER DE SERRES",15,750115644
"242",243,"ECOLE ÉLÉMENTAIRE 99 RUE OLIVIER DE SERRES - PARIS 15",243,"ECOLE ÉLÉMENTAIRE","99","RUE OLIVIER DE SERRES",15,750115644
"243",244,"ECOLE MATERNELLE 2 RUE MAURICE ROUVIER - PARIS 14",244,"ECOLE MATERNELLE","2","RUE MAURICE ROUVIER",14,750103340
"244",245,"ECOLE ÉLÉMENTAIRE 8 RUE MAURICE ROUVIER - PARIS 14",245,"ECOLE ÉLÉMENTAIRE","8","RUE MAURICE ROUVIER",14,750103343
"245",246,"ECOLE MATERNELLE 190 RUE D'ALESIA - PARIS 14",246,"ECOLE MATERNELLE","190","RUE D'ALESIA",14,750098602
"246",247,"ECOLE ÉLÉMENTAIRE 188 RUE D'ALESIA - PARIS 14",247,"ECOLE ÉLÉMENTAIRE","188","RUE D'ALESIA",14,750098601
"247",248,"COLLÈGE ALBERTO GIACOMETTI 7 RUE DU CANGE - PARIS 14",248,"COLLÈGE ALBERTO GIACOMETTI","7","RUE DU CANGE",14,750100800
"248",249,"ECOLE MATERNELLE 162 BOULEVARD MURAT - PARIS 16",249,"ECOLE MATERNELLE","162","BD MURAT",16,750126654
"249",250,"ECOLE ÉLÉMENTAIRE 162 BOULEVARD MURAT - PARIS 16",250,"ECOLE ÉLÉMENTAIRE","162","BD MURAT",16,750126654
"250",251,"ECOLE MATERNELLE 22 RUE SEXTIUS MICHEL - PARIS 15",251,"ECOLE MATERNELLE","22","RUE SEXTIUS MICHEL",15,750117313
"251",252,"ECOLE ÉLÉMENTAIRE 25 RUE ROUELLE - PARIS 15",252,"ECOLE ÉLÉMENTAIRE","25","RUE ROUELLE",15,750116626
"252",253,"ECOLE MATERNELLE 2 RUE THEODORE DECK - PARIS 15",253,"ECOLE MATERNELLE","2","RUE THEODORE DECK",15,750117615
"253",254,"ECOLE ÉLÉMENTAIRE A 10 RUE SAINT LAMBERT - PARIS 15",254,"ECOLE ÉLÉMENTAIRE A","10","RUE SAINT LAMBERT",15,750117027
"254",255,"ECOLE ÉLÉMENTAIRE 28 RUE DOMBASLE - PARIS 15",255,"ECOLE ÉLÉMENTAIRE","28","RUE DOMBASLE",15,750110425
"255",256,"ECOLE ÉLÉMENTAIRE 3 IMPASSE DES BELLES FEUILLES - PARIS 16",256,"ECOLE ÉLÉMENTAIRE","3","IMP DES BELLES FEUILLES",16,750119632
"256",257,"ECOLE MATERNELLE 130 RUE DE LONGCHAMP - PARIS 16",257,"ECOLE MATERNELLE","130","RUE DE LONGCHAMP",16,750125163
"257",258,"ECOLE ÉLÉMENTAIRE 130 RUE DE LONGCHAMP - PARIS 16",258,"ECOLE ÉLÉMENTAIRE","130","RUE DE LONGCHAMP",16,750125163
"258",259,"COLLÈGE CARNOT 145 BOULEVARD MALESHERBES - PARIS 17",259,"COLLÈGE CARNOT","145","BD MALESHERBES",17,750136740
"259",260,"ECOLE MATERNELLE 48 RUE HIPPOLYTE MAINDRON - PARIS 14",260,"ECOLE MATERNELLE","48","RUE HIPPOLYTE MAINDRON",14,750102162
"260",261,"ECOLE ÉLÉMENTAIRE 48 RUE HIPPOLYTE MAINDRON - PARIS 14",261,"ECOLE ÉLÉMENTAIRE","48","RUE HIPPOLYTE MAINDRON",14,750102162
"261",262,"ECOLE MATERNELLE 16 RUE EMERIAU - PARIS 15",262,"ECOLE MATERNELLE","16","RUE EMERIAU",15,750110832
"262",263,"ECOLE ÉLÉMENTAIRE 10 RUE EMERIAU - PARIS 15",263,"ECOLE ÉLÉMENTAIRE","10","RUE EMERIAU",15,750110829
"263",264,"ECOLE MATERNELLE 33 RUE DE L AMIRAL ROUSSIN - PARIS 15",264,"ECOLE MATERNELLE","33","RUE DE L AMIRAL ROUSSIN",15,750107019
"264",265,"ECOLE ÉLÉMENTAIRE 35 RUE DE L AMIRAL ROUSSIN - PARIS 15",265,"ECOLE ÉLÉMENTAIRE","35","RUE DE L AMIRAL ROUSSIN",15,750107021
"265",266,"ECOLE ÉLÉMENTAIRE B 12 RUE SAINT LAMBERT - PARIS 15",266,"ECOLE ÉLÉMENTAIRE B","12","RUE SAINT LAMBERT",15,750117028
"266",267,"ECOLE ÉLÉMENTAIRE 12B RUE FOURCROY - PARIS 17",267,"ECOLE ÉLÉMENTAIRE","12B","RUE FOURCROY",17,750134356
"267",268,"ECOLE MATERNELLE 10 RUE SEVERO - PARIS 14",268,"ECOLE MATERNELLE","10","RUE SEVERO",14,750105850
"268",269,"ECOLE ÉLÉMENTAIRE 38-40 BOULEVARD DE REIMS - PARIS 17",269,"ECOLE ÉLÉMENTAIRE","38-40","BD DE REIMS",17,750138524
"269",270,"ECOLE MATERNELLE 20 RUE JOUFFROY D'ABBANS - PARIS 17",270,"ECOLE MATERNELLE","20","RUE JOUFFROY D'ABBANS",17,750135450
"270",271,"ECOLE ÉLÉMENTAIRE 20 RUE JOUFFROY D'ABBANS - PARIS 17",271,"ECOLE ÉLÉMENTAIRE","20","RUE JOUFFROY D'ABBANS",17,750135450
"271",272,"ECOLE MATERNELLE 77 RUE DE LA TOMBE ISSOIRE - PARIS 14",272,"ECOLE MATERNELLE","77","RUE DE LA TOMBE ISSOIRE",14,750106064
"272",273,"ECOLE ÉLÉMENTAIRE 4 RUE DECAMPS - PARIS 16",273,"ECOLE ÉLÉMENTAIRE","4","RUE DECAMPS",16,750121321
"273",274,"ECOLE MATERNELLE 55-61 RUE MAURICE RIPOCHE - PARIS 14",274,"ECOLE MATERNELLE","55-61","RUE MAURICE RIPOCHE",14,750103289
"274",275,"ECOLE ÉLÉMENTAIRE 7 RUE ASSELINE - PARIS 14",275,"ECOLE ÉLÉMENTAIRE","7","RUE ASSELINE",14,750098920
"275",276,"ECOLE MATERNELLE 56 AVENUE FELIX FAURE - PARIS 15",276,"ECOLE MATERNELLE","56","AV FELIX FAURE",15,750111647
"276",277,"ECOLE ÉLÉMENTAIRE 12 RUE SEVERO - PARIS 14",277,"ECOLE ÉLÉMENTAIRE","12","RUE SEVERO",14,750105851
"277",278,"ECOLE MATERNELLE 6 RUE LOUIS VIERNE - PARIS 17",278,"ECOLE MATERNELLE","6","RUE LOUIS VIERNE",17,750136661
"278",279,"ECOLE ÉLÉMENTAIRE 14 RUE BERNARD BUFFET - PARIS 17",279,"ECOLE ÉLÉMENTAIRE","14","RUE BERNARD BUFFET",17,750174762
"279",280,"ECOLE ÉLÉMENTAIRE 1 RUE GILBERT CESBRON - PARIS 17",280,"ECOLE ÉLÉMENTAIRE","1","RUE GILBERT CESBRON",17,750174566
"280",281,"ECOLE ÉLÉMENTAIRE 5 RUE JACQUES KELLNER - PARIS 17",281,"ECOLE ÉLÉMENTAIRE","5","RUE JACQUES KELLNER",17,750135194
"281",282,"ECOLE MATERNELLE 35 AVENUE EMILE ZOLA - PARIS 15",282,"ECOLE MATERNELLE","35","AV EMILE ZOLA",15,750110898
"282",283,"ECOLE MATERNELLE 90 BOULEVARD BESSIERES - PARIS 17",283,"ECOLE MATERNELLE","90","BD BESSIERES",17,750131700
"283",284,"ECOLE ÉLÉMENTAIRE 92 BOULEVARD BESSIERES - PARIS 17",284,"ECOLE ÉLÉMENTAIRE","92","BD BESSIERES",17,750131701
"284",285,"COLLÈGE H DE BALZAC 118 BOULEVARD BESSIERES - PARIS 17",285,"COLLÈGE H DE BALZAC","118","BD BESSIERES",17,750131714
"285",286,"ECOLE ÉLÉMENTAIRE 78 RUE DE LA CONVENTION - PARIS 15",286,"ECOLE ÉLÉMENTAIRE","78","RUE DE LA CONVENTION",15,750109491
"286",287,"ECOLE MATERNELLE 61 CITE DES FLEURS - PARIS 17",287,"ECOLE MATERNELLE","61","CITE DES FLEURS",17,750134231
"287",288,"ECOLE ÉLÉMENTAIRE 10 RUE BOURSAULT - PARIS 17",288,"ECOLE ÉLÉMENTAIRE","10","RUE BOURSAULT",17,750131950
"288",289,"COLLÈGE CHAPTAL 45 BOULEVARD DES BATIGNOLLES - PARIS 08",289,"COLLÈGE CHAPTAL","45","BD DES BATIGNOLLES",8,750034867
"289",290,"ECOLE MATERNELLE 44 RUE DES EPINETTES - PARIS 17",290,"ECOLE MATERNELLE","44","RUE DES EPINETTES",17,750134008
"290",291,"ECOLE MATERNELLE 22 RUE ANTOINE CHANTIN - PARIS 14",291,"ECOLE MATERNELLE","22","RUE ANTOINE CHANTIN",14,750098803
"291",292,"ECOLE ÉLÉMENTAIRE 13 AVENUE DE LA SIBELLE - PARIS 14",292,"ECOLE ÉLÉMENTAIRE","13","AV DE LA SIBELLE",14,750155003
"292",293,"ECOLE ÉLÉMENTAIRE 42 RUE DES EPINETTES - PARIS 17",293,"ECOLE ÉLÉMENTAIRE","42","RUE DES EPINETTES",17,750134007
"293",294,"ECOLE MATERNELLE 5 AVENUE DE LA PORTE BRANCION - PARIS 15",294,"ECOLE MATERNELLE","5","AV DE LA PORTE BRANCION",15,750116154
"294",295,"ECOLE ÉLÉMENTAIRE 5 AVENUE DE LA PORTE BRANCION - PARIS 15",295,"ECOLE ÉLÉMENTAIRE","5","AV DE LA PORTE BRANCION",15,750116154
"295",296,"ECOLE ÉLÉMENTAIRE 5 RUE MARGUERITE LONG - PARIS 17",296,"ECOLE ÉLÉMENTAIRE","5","RUE MARGUERITE LONG",17,750158993
"296",297,"ECOLE MATERNELLE 21 RUE ANDRE BRECHET - PARIS 17",297,"ECOLE MATERNELLE","21","RUE ANDRE BRECHET",17,750130940
"297",298,"ECOLE ÉLÉMENTAIRE 6 RUE LECOMTE - PARIS 17",298,"ECOLE ÉLÉMENTAIRE","6","RUE LECOMTE",17,750136126
"298",299,"ECOLE MATERNELLE 6 RUE GERBERT - PARIS 15",299,"ECOLE MATERNELLE","6","RUE GERBERT",15,750112479
"299",300,"ECOLE ÉLÉMENTAIRE 15 RUE TRUFFAUT - PARIS 17",300,"ECOLE ÉLÉMENTAIRE","15","RUE TRUFFAUT",17,750139855
"300",301,"ECOLE ÉLÉMENTAIRE 56 AVENUE FELIX FAURE - PARIS 15",301,"ECOLE ÉLÉMENTAIRE","56","AV FELIX FAURE",15,750111647
"301",302,"ECOLE MATERNELLE 13 AVENUE ARMAND ROUSSEAU - PARIS 12",302,"ECOLE MATERNELLE","13","AV ARMAND ROUSSEAU",12,750057818
"302",303,"ECOLE ÉLÉMENTAIRE 315 RUE DE CHARENTON - PARIS 12",303,"ECOLE ÉLÉMENTAIRE","315","RUE DE CHARENTON",12,750058779
"303",304,"COLLÈGE GERMAINE TILLON 8 AVENUE VINCENT D'INDY - PARIS 12",304,"COLLÈGE GERMAINE TILLON","8","AV VINCENT D'INDY",12,750064917
"304",305,"ECOLE MATERNELLE 15 RUE DE DOMREMY - PARIS 13",305,"ECOLE MATERNELLE","15","RUE DE DOMREMY",13,750069145
"305",306,"ECOLE MATERNELLE 18 RUE FAIDHERBE - PARIS 11",306,"ECOLE MATERNELLE","18","RUE FAIDHERBE",11,750051962
"306",307,"ECOLE MATERNELLE 16 RUE CHARLES BAUDELAIRE - PARIS 12",307,"ECOLE MATERNELLE","16","RUE CHARLES BAUDELAIRE",12,750059133
"307",308,"ECOLE ÉLÉMENTAIRE 8 RUE CHARLES BAUDELAIRE - PARIS 12",308,"ECOLE ÉLÉMENTAIRE","8","RUE CHARLES BAUDELAIRE",12,750059129
"308",309,"ECOLE MATERNELLE 9 RUE DE LESSEPS - PARIS 20",309,"ECOLE MATERNELLE","9","RUE DE LESSEPS",20,750091012
"309",310,"ECOLE ÉLÉMENTAIRE B 9 RUE DE LESSEPS - PARIS 20",310,"ECOLE ÉLÉMENTAIRE B","9","RUE DE LESSEPS",20,750091012
"310",311,"ECOLE ÉLÉMENTAIRE A 11 RUE DE LESSEPS - PARIS 20",311,"ECOLE ÉLÉMENTAIRE A","11","RUE DE LESSEPS",20,750091013
"311",312,"ECOLE MATERNELLE 12 RUE DE FONTARABIE - PARIS 20",312,"ECOLE MATERNELLE","12","RUE DE FONTARABIE",20,750089080
"312",313,"ECOLE MATERNELLE 15 RUE D'EUPATORIA - PARIS 20",313,"ECOLE MATERNELLE","15","RUE D'EUPATORIA",20,750088931
"313",314,"ECOLE MATERNELLE 28 AVENUE STEPHEN PICHON - PARIS 13",314,"ECOLE MATERNELLE","28","AV STEPHEN PICHON",13,750073936
"314",315,"ECOLE ÉLÉMENTAIRE 13 RUE FAGON - PARIS 13",315,"ECOLE ÉLÉMENTAIRE","13","RUE FAGON",13,750069666
"315",316,"ECOLE MATERNELLE 42 AVENUE DU DR ARNOLD NETTER - PARIS 12",316,"ECOLE MATERNELLE","42","AV DU DR ARNOLD NETTER",12,750060452
"316",317,"ECOLE ÉLÉMENTAIRE 166 RUE PELLEPORT - PARIS 20",317,"ECOLE ÉLÉMENTAIRE","166","RUE PELLEPORT",20,750093290
"317",318,"ECOLE MATERNELLE 11 RUE AUGUSTE PERRET - PARIS 13",318,"ECOLE MATERNELLE","11","RUE AUGUSTE PERRET",13,750066328
"318",319,"ECOLE ÉLÉMENTAIRE 9 RUE AUGUSTE PERRET - PARIS 13",319,"ECOLE ÉLÉMENTAIRE","9","RUE AUGUSTE PERRET",13,750066327
"319",320,"COLLÈGE GABRIEL FAURE 81 AVENUE DE CHOISY - PARIS 13",320,"COLLÈGE GABRIEL FAURE","81","AV DE CHOISY",13,750068051
"320",321,"ECOLE MATERNELLE 24 RUE DU RETRAIT - PARIS 20",321,"ECOLE MATERNELLE","24","RUE DU RETRAIT",20,750094709
"321",322,"ECOLE ÉLÉMENTAIRE A 293 RUE DES PYRENEES - PARIS 20",322,"ECOLE ÉLÉMENTAIRE A","293","RUE DES PYRENEES",20,750094178
"322",323,"ECOLE ÉLÉMENTAIRE B 291 RUE DES PYRENEES - PARIS 20",323,"ECOLE ÉLÉMENTAIRE B","291","RUE DES PYRENEES",20,750094177
"323",324,"ECOLE MATERNELLE 31 RUE DES MARAICHERS - PARIS 20",324,"ECOLE MATERNELLE","31","RUE DES MARAICHERS",20,750091419
"324",325,"ECOLE ÉLÉMENTAIRE 40 RUE DES PYRENEES - PARIS 20",325,"ECOLE ÉLÉMENTAIRE","40","RUE DES PYRENEES",20,750094396
"325",326,"ECOLE MATERNELLE 111 AVENUE PARMENTIER - PARIS 11",326,"ECOLE MATERNELLE","111","AV PARMENTIER",11,750054683
"326",327,"ECOLE ÉLÉMENTAIRE 109 AVENUE PARMENTIER - PARIS 11",327,"ECOLE ÉLÉMENTAIRE","109","AV PARMENTIER",11,750054682
"327",328,"COLLÈGE LUCIE ET RAYMOND AUBRAC 62 RUE DE LA FONTAINE AU ROI - PARIS 11",328,"COLLÈGE LUCIE ET RAYMOND AUBRAC","62","RUE DE LA FONTAINE AU ROI",11,750052511
"328",329,"ECOLE MATERNELLE 11 RUE LEON SCHWARTZENBERG - PARIS 10",329,"ECOLE MATERNELLE","11","RUE LEON SCHWARTZENBERG",10,750167150
"329",330,"ECOLE ÉLÉMENTAIRE 41 RUE DE CHABROL - PARIS 10",330,"ECOLE ÉLÉMENTAIRE","41","RUE DE CHABROL",10,750045890
"330",331,"ECOLE MATERNELLE 39 RUE SAINT BERNARD - PARIS 11",331,"ECOLE MATERNELLE","39","RUE SAINT BERNARD",11,750056140
"331",332,"ECOLE ÉLÉMENTAIRE 31 RUE SAINT BERNARD - PARIS 11",332,"ECOLE ÉLÉMENTAIRE","31","RUE SAINT BERNARD",11,750056136
"332",333,"ECOLE MATERNELLE 40 RUE DES MEUNIERS - PARIS 12",333,"ECOLE MATERNELLE","40","RUE DES MEUNIERS",12,750062381
"333",334,"ECOLE MATERNELLE 29 RUE DU TELEGRAPHE - PARIS 20",334,"ECOLE MATERNELLE","29","RUE DU TELEGRAPHE",20,750095817
"334",335,"ECOLE MATERNELLE 12 RUE DE L'ESPERANCE - PARIS 13",335,"ECOLE MATERNELLE","12","RUE DE L'ESPERANCE",13,750069541
"335",336,"ECOLE ÉLÉMENTAIRE 38 RUE VANDREZANNE - PARIS 13",336,"ECOLE ÉLÉMENTAIRE","38","RUE VANDREZANNE",13,750074472
"336",337,"ECOLE ÉLÉMENTAIRE 29 RUE DU TELEGRAPHE - PARIS 20",337,"ECOLE ÉLÉMENTAIRE","29","RUE DU TELEGRAPHE",20,750095817
"337",338,"ECOLE MATERNELLE 99-101 RUE PELLEPORT - PARIS 20",338,"ECOLE MATERNELLE","99-101","RUE PELLEPORT",20,750093198
"338",339,"ECOLE MATERNELLE 28 RUE DES ECLUSES ST MARTIN - PARIS 10",339,"ECOLE MATERNELLE","28","RUE DES ECLUSES ST MARTIN",10,750046540
"339",340,"ECOLE ÉLÉMENTAIRE 10 RUE EUGENE VARLIN - PARIS 10",340,"ECOLE ÉLÉMENTAIRE","10","RUE EUGENE VARLIN",10,750046616
"340",341,"COLLÈGE GRANGE AUX BELLES 158 QUAI DE JEMMAPES - PARIS 10",341,"COLLÈGE GRANGE AUX BELLES","158","QU DE JEMMAPES",10,750047829
"341",342,"ECOLE MATERNELLE 253B AVENUE DAUMESNIL - PARIS 12",342,"ECOLE MATERNELLE","253B","AV DAUMESNIL",12,750059933
"342",343,"ECOLE ÉLÉMENTAIRE 253T AVENUE DAUMESNIL - PARIS 12",343,"ECOLE ÉLÉMENTAIRE","253T","AV DAUMESNIL",12,750059933
"343",344,"ECOLE ÉLÉMENTAIRE 83 AVENUE DU GAL MICHEL BIZOT - PARIS 12",344,"ECOLE ÉLÉMENTAIRE","83","AV DU GAL MICHEL BIZOT",12,750061236
"344",345,"ECOLE MATERNELLE 99 RUE DES PYRENEES - PARIS 20",345,"ECOLE MATERNELLE","99","RUE DES PYRENEES",20,750094214
"345",346,"ECOLE ÉLÉMENTAIRE 97 RUE DES PYRENEES - PARIS 20",346,"ECOLE ÉLÉMENTAIRE","97","RUE DES PYRENEES",20,750094213
"346",347,"ECOLE MATERNELLE 26 RUE DE LA COUR DES NOUES - PARIS 20",347,"ECOLE MATERNELLE","26","RUE DE LA COUR DES NOUES",20,750087813
"347",348,"ECOLE ÉLÉMENTAIRE 15 RUE SORBIER - PARIS 20",348,"ECOLE ÉLÉMENTAIRE","15","RUE SORBIER",20,750095521
"348",349,"ECOLE MATERNELLE 21 RUE DE LA BIDASSOA - PARIS 20",349,"ECOLE MATERNELLE","21","RUE DE LA BIDASSOA",20,750086715
"349",350,"ECOLE MATERNELLE 16 RUE MARSOULAN - PARIS 12",350,"ECOLE MATERNELLE","16","RUE MARSOULAN",12,750062268
"350",351,"ECOLE ÉLÉMENTAIRE 19 RUE MARSOULAN - PARIS 12",351,"ECOLE ÉLÉMENTAIRE","19","RUE MARSOULAN",12,750062249
"351",352,"ECOLE MATERNELLE 18 RUE DE L'HOPITAL ST LOUIS - PARIS 10",352,"ECOLE MATERNELLE","18","RUE DE L'HOPITAL ST LOUIS",10,750047600
"352",353,"ECOLE ÉLÉMENTAIRE 5 RUE DE L HOPITAL ST LOUIS - PARIS 10",353,"ECOLE ÉLÉMENTAIRE","5","RUE DE L HOPITAL ST LOUIS",10,NA
"353",354,"ECOLE ÉLÉMENTAIRE 8 CITE VOLTAIRE - PARIS 11",354,"ECOLE ÉLÉMENTAIRE","8","CITE VOLTAIRE",11,750057576
"354",355,"ECOLE MATERNELLE 32 RUE DE PALI KAO - PARIS 20",355,"ECOLE MATERNELLE","32","RUE DE PALI KAO",20,750092802
"355",356,"ECOLE ÉLÉMENTAIRE 38 RUE DE TOURTILLE - PARIS 20",356,"ECOLE ÉLÉMENTAIRE","38","RUE DE TOURTILLE",20,750096041
"356",357,"ECOLE MATERNELLE 29 AVENUE GAMBETTA - PARIS 20",357,"ECOLE MATERNELLE","29","AV GAMBETTA",20,750089322
"357",358,"ECOLE MATERNELLE 52 RUE PLANCHAT - PARIS 20",358,"ECOLE MATERNELLE","52","RUE PLANCHAT",20,750093760
"358",359,"ECOLE ÉLÉMENTAIRE 54 RUE PLANCHAT - PARIS 20",359,"ECOLE ÉLÉMENTAIRE","54","RUE PLANCHAT",20,750093761
"359",360,"ECOLE MATERNELLE 4 SQUARE LAMARCK - PARIS 18",360,"ECOLE MATERNELLE","4","SQ LAMARCK",18,750080573
"360",361,"ECOLE ÉLÉMENTAIRE A 67 RUE DAMREMONT - PARIS 18",361,"ECOLE ÉLÉMENTAIRE A","67","RUE DAMREMONT",18,750078049
"361",362,"ECOLE ÉLÉMENTAIRE B 65 RUE DAMREMONT - PARIS 18",362,"ECOLE ÉLÉMENTAIRE B","65","RUE DAMREMONT",18,750078048
"362",363,"ECOLE MATERNELLE 52 RUE VAUVENARGUES - PARIS 18",363,"ECOLE MATERNELLE","52","RUE VAUVENARGUES",18,750085443
"363",364,"ECOLE ÉLÉMENTAIRE 50 RUE VAUVENARGUES - PARIS 18",364,"ECOLE ÉLÉMENTAIRE","50","RUE VAUVENARGUES",18,750085442
"364",365,"ECOLE MATERNELLE 33-41 RUE DES CLOYS - PARIS 18",365,"ECOLE MATERNELLE","33-41","RUE DES CLOYS",18,750077719
"365",366,"ECOLE MATERNELLE 45 RUE DE PICPUS - PARIS 12",366,"ECOLE MATERNELLE","45","RUE DE PICPUS",12,750063011
"366",367,"ECOLE ÉLÉMENTAIRE A 56 RUE DE PICPUS (ECOLE A) - PARIS 12",367,"ECOLE ÉLÉMENTAIRE A","56","RUE DE PICPUS (ECOLE A)",12,750063072
"367",368,"ECOLE ÉLÉMENTAIRE B 56 RUE DE PICPUS (ECOLE B) - PARIS 12",368,"ECOLE ÉLÉMENTAIRE B","56","RUE DE PICPUS (ECOLE B)",12,750063072
"368",369,"ECOLE MATERNELLE 1 PLACE CONSTANTIN PECQUEUR - PARIS 18",369,"ECOLE MATERNELLE","1","PL CONSTANTIN PECQUEUR",18,750077781
"369",370,"ECOLE ÉLÉMENTAIRE 62 RUE LEPIC - PARIS 18",370,"ECOLE ÉLÉMENTAIRE","62","RUE LEPIC",18,750080933
"370",371,"ECOLE MATERNELLE 11 RUE ANDRE DEL SARTE - PARIS 18",371,"ECOLE MATERNELLE","11","RUE ANDRE DEL SARTE",18,750075383
"371",372,"ECOLE ÉLÉMENTAIRE 61 RUE DE CLIGNANCOURT - PARIS 18",372,"ECOLE ÉLÉMENTAIRE","61","RUE DE CLIGNANCOURT",18,750077526
"372",373,"ECOLE MATERNELLE 36-38 RUE PIAT - PARIS 20",373,"ECOLE MATERNELLE","36-38","RUE PIAT",20,750093441
"373",374,"ECOLE ÉLÉMENTAIRE 1 RUE LEVERT - PARIS 20",374,"ECOLE ÉLÉMENTAIRE","1","RUE LEVERT",20,750091084
"374",375,"ECOLE ÉLÉMENTAIRE 20 RUE HERMEL - PARIS 18",375,"ECOLE ÉLÉMENTAIRE","20","RUE HERMEL",18,750079814
"375",376,"ECOLE MATERNELLE 72 RUE CHAMPIONNET - PARIS 18",376,"ECOLE MATERNELLE","72","RUE CHAMPIONNET",18,750076775
"376",377,"ECOLE ÉLÉMENTAIRE 69 RUE CHAMPIONNET - PARIS 18",377,"ECOLE ÉLÉMENTAIRE","69","RUE CHAMPIONNET",18,750076650
"377",378,"ECOLE MATERNELLE 4 PLACE JEAN BAPTISTE CLEMENT - PARIS 18",378,"ECOLE MATERNELLE","4","PL JEAN BAPTISTE CLEMENT",18,750079916
"378",379,"ECOLE MATERNELLE 14 RUE MERLIN - PARIS 11",379,"ECOLE MATERNELLE","14","RUE MERLIN",11,750053979
"379",380,"ECOLE ÉLÉMENTAIRE B 29 RUE SERVAN - PARIS 11",380,"ECOLE ÉLÉMENTAIRE B","29","RUE SERVAN",11,750056743
"380",381,"ECOLE MATERNELLE 59 RUE DE REUILLY - PARIS 12",381,"ECOLE MATERNELLE","59","RUE DE REUILLY",12,750063745
"381",382,"ECOLE ÉLÉMENTAIRE A 57 RUE DE REUILLY (ECOLE A) - PARIS 12",382,"ECOLE ÉLÉMENTAIRE A","57","RUE DE REUILLY (ECOLE A)",12,750063744
"382",383,"ECOLE ÉLÉMENTAIRE B 57 RUE DE REUILLY (ECOLE B) - PARIS 12",383,"ECOLE ÉLÉMENTAIRE B","57","RUE DE REUILLY (ECOLE B)",12,750063744
"383",384,"ECOLE MATERNELLE 53B RUE MARX DORMOY - PARIS 18",384,"ECOLE MATERNELLE","53B","RUE MARX DORMOY",18,750081490
"384",385,"ECOLE ÉLÉMENTAIRE 6 RUE JEAN FRANCOIS LEPINE - PARIS 18",385,"ECOLE ÉLÉMENTAIRE","6","RUE JEAN FRANCOIS LEPINE",18,750080015
"385",386,"ECOLE ÉLÉMENTAIRE 51 RUE RAMPONEAU - PARIS 20",386,"ECOLE ÉLÉMENTAIRE","51","RUE RAMPONEAU",20,750094459
"386",387,"COLLÈGE COLETTE BESSON 9 RUE DES PANOYAUX - PARIS 20",387,"COLLÈGE COLETTE BESSON","9","RUE DES PANOYAUX",20,750092871
"387",388,"ECOLE MATERNELLE 47 RUE DES GRANDS MOULINS - PARIS 13",388,"ECOLE MATERNELLE","47","RUE DES GRANDS MOULINS",13,750158770
"388",389,"ECOLE MATERNELLE 6 RUE LEGOUVE - PARIS 10",389,"ECOLE MATERNELLE","6","RUE LEGOUVE",10,750048089
"389",390,"ECOLE ÉLÉMENTAIRE 17 RUE DE MARSEILLE - PARIS 10",390,"ECOLE ÉLÉMENTAIRE","17","RUE DE MARSEILLE",10,750048470
"390",391,"ECOLE MATERNELLE 16 RUE WURTZ - PARIS 13",391,"ECOLE MATERNELLE","16","RUE WURTZ",13,750074999
"391",392,"ECOLE ÉLÉMENTAIRE 16 RUE WURTZ - PARIS 13",392,"ECOLE ÉLÉMENTAIRE","16","RUE WURTZ",13,750074999
"392",393,"COLLÈGE MOULIN DES PRES 18 RUE DU MOULIN DES PRES - PARIS 13",393,"COLLÈGE MOULIN DES PRES","18","RUE DU MOULIN DES PRES",13,750072145
"393",394,"ECOLE MATERNELLE 32 PLACE JEANNE D'ARC - PARIS 13",394,"ECOLE MATERNELLE","32","PL JEANNE D'ARC",13,750070922
"394",395,"ECOLE ÉLÉMENTAIRE B 30 PLACE JEANNE D'ARC - PARIS 13",395,"ECOLE ÉLÉMENTAIRE B","30","PL JEANNE D'ARC",13,750070921
"395",396,"ECOLE MATERNELLE 5 RUE YEO THOMAS - PARIS 13",396,"ECOLE MATERNELLE","5","RUE YEO THOMAS",13,750075021
"396",397,"ECOLE ÉLÉMENTAIRE 173 RUE CHATEAU DES RENTIERS - PARIS 13",397,"ECOLE ÉLÉMENTAIRE","173","RUE CHATEAU DES RENTIERS",13,750067643
"397",398,"COLLÈGE ELSA TRIOLET 9 RUE YEO THOMAS - PARIS 13",398,"COLLÈGE ELSA TRIOLET","9","RUE YEO THOMAS",13,750075023
"398",399,"ECOLE MATERNELLE 56 RUE D'ORSEL - PARIS 18",399,"ECOLE MATERNELLE","56","RUE D'ORSEL",18,750082752
"399",400,"ECOLE ÉLÉMENTAIRE 1 RUE FOYATIER - PARIS 18",400,"ECOLE ÉLÉMENTAIRE","1","RUE FOYATIER",18,NA
"400",401,"COLLÈGE YVONNE LE TAC 7 RUE YVONNE LE TAC - PARIS 18",401,"COLLÈGE YVONNE LE TAC","7","RUE YVONNE LE TAC",18,750085579
"401",402,"COLLÈGE A RODIN 19 RUE CORVISART - PARIS 13",402,"COLLÈGE A RODIN","19","RUE CORVISART",13,750068528
"402",403,"ECOLE ÉLÉMENTAIRE 18 RUE SAINTE ISAURE - PARIS 18",403,"ECOLE ÉLÉMENTAIRE","18","RUE SAINTE ISAURE",18,750084411
"403",404,"COLLÈGE GERARD PHILIPE 8 RUE DES AMIRAUX - PARIS 18",404,"COLLÈGE GERARD PHILIPE","8","RUE DES AMIRAUX",18,750075305
"404",405,"COLLÈGE MAURICE UTRILLO 100 BOULEVARD NEY - PARIS 18",405,"COLLÈGE MAURICE UTRILLO","100","BD NEY",18,750082176
"405",406,"ECOLE MATERNELLE 77 RUE DU MONT CENIS - PARIS 18",406,"ECOLE MATERNELLE","77","RUE DU MONT CENIS",18,750081741
"406",407,"ECOLE MATERNELLE 13 BOULEVARD RICHARD LENOIR - PARIS 11",407,"ECOLE MATERNELLE","13","BD RICHARD LENOIR",11,750055582
"407",408,"ECOLE ÉLÉMENTAIRE 17 RUE ALPHONSE BAUDIN - PARIS 11",408,"ECOLE ÉLÉMENTAIRE","17","RUE ALPHONSE BAUDIN",11,750050076
"408",409,"ECOLE ÉLÉMENTAIRE 24 RUE SAINT SEBASTIEN - PARIS 11",409,"ECOLE ÉLÉMENTAIRE","24","RUE SAINT SEBASTIEN",11,750056592
"409",410,"COLLÈGE BEAUMARCHAIS 124/126 RUE AMELOT - PARIS 11",410,"COLLÈGE BEAUMARCHAIS","124/126","RUE AMELOT",11,750050178
"410",411,"ECOLE MATERNELLE 31 RUE GODEFROY CAVAIGNAC - PARIS 11",411,"ECOLE MATERNELLE","31","RUE GODEFROY CAVAIGNAC",11,750052740
"411",412,"ECOLE ÉLÉMENTAIRE 35 RUE GODEFROY CAVAIGNAC - PARIS 11",412,"ECOLE ÉLÉMENTAIRE","35","RUE GODEFROY CAVAIGNAC",11,750052742
"412",413,"ECOLE MATERNELLE 5 RUE BOY ZELENSKI - PARIS 10",413,"ECOLE MATERNELLE","5","RUE BOY ZELENSKI",10,750045698
"413",414,"ECOLE ÉLÉMENTAIRE 33 AVENUE CLAUDE VELLEFAUX - PARIS 10",414,"ECOLE ÉLÉMENTAIRE","33","AV CLAUDE VELLEFAUX",10,750046202
"414",415,"ECOLE ÉLÉMENTAIRE 16 RUE VICQ D'AZIR - PARIS 10",415,"ECOLE ÉLÉMENTAIRE","16","RUE VICQ D'AZIR",10,750049747
"415",416,"COLLÈGE FRANCOISE SELIGMANN 21 RUE DE SAMBRE-ET-MEUSE - PARIS 10",416,"COLLÈGE FRANCOISE SELIGMANN","21","RUE DE SAMBRE-ET-MEUSE",10,750049365
"416",417,"COLLÈGE G COURTELINE 48 AVENUE DU DR ARNOLD NETTER - PARIS 12",417,"COLLÈGE G COURTELINE","48","AV DU DR ARNOLD NETTER",12,750060455
"417",418,"ECOLE MATERNELLE 54 RUE SERVAN - PARIS 11",418,"ECOLE MATERNELLE","54","RUE SERVAN",11,750056759
"418",419,"ECOLE ÉLÉMENTAIRE 100 AVENUE DE LA REPUBLIQUE - PARIS 11",419,"ECOLE ÉLÉMENTAIRE","100","AV DE LA REPUBLIQUE",11,750055498
"419",420,"ECOLE ÉLÉMENTAIRE 98 AVENUE DE LA REPUBLIQUE - PARIS 11",420,"ECOLE ÉLÉMENTAIRE","98","AV DE LA REPUBLIQUE",11,750055497
"420",421,"COLLÈGE VOLTAIRE 101 AVENUE DE LA REPUBLIQUE - PARIS 11",421,"COLLÈGE VOLTAIRE","101","AV DE LA REPUBLIQUE",11,750055434
"421",422,"ECOLE MATERNELLE 10 RUE DE MENILMONTANT - PARIS 20",422,"ECOLE MATERNELLE","10","RUE DE MENILMONTANT",20,750091973
"422",423,"ECOLE ÉLÉMENTAIRE 31 RUE ETIENNE DOLET - PARIS 20",423,"ECOLE ÉLÉMENTAIRE","31","RUE ETIENNE DOLET",20,750088825
"423",424,"COLLÈGE ROBERT DOISNEAU 51 RUE DES PANOYAUX - PARIS 20",424,"COLLÈGE ROBERT DOISNEAU","51","RUE DES PANOYAUX",20,750092844
"424",425,"ECOLE MATERNELLE 100 RUE DE LA GLACIERE - PARIS 13",425,"ECOLE MATERNELLE","100","RUE DE LA GLACIERE",13,750070013
"425",426,"ECOLE ÉLÉMENTAIRE 100 RUE DE LA GLACIERE - PARIS 13",426,"ECOLE ÉLÉMENTAIRE","100","RUE DE LA GLACIERE",13,750070013
"426",427,"ECOLE ÉLÉMENTAIRE 3-7 PASSAGE JOSSEAUME - PARIS 20",427,"ECOLE ÉLÉMENTAIRE","3-7","PAS JOSSEAUME",20,750090418
"427",428,"COLLÈGE HENRI MATISSE 3 RUE VITRUVE - PARIS 20",428,"COLLÈGE HENRI MATISSE","3","RUE VITRUVE",20,750096464
"428",429,"ECOLE MATERNELLE 91 RUE DE LA REUNION - PARIS 20",429,"ECOLE MATERNELLE","91","RUE DE LA REUNION",20,750094761
"429",430,"ECOLE MATERNELLE 4 PASSAGE BULLOURDE - PARIS 11",430,"ECOLE MATERNELLE","4","PAS BULLOURDE",11,750050796
"430",431,"ECOLE ÉLÉMENTAIRE 4 RUE KELLER - PARIS 11",431,"ECOLE ÉLÉMENTAIRE","4","RUE KELLER",11,750053312
"431",432,"COLLÈGE ANNE FRANK 38 RUE TROUSSEAU - PARIS 11",432,"COLLÈGE ANNE FRANK","38","RUE TROUSSEAU",11,750057119
"432",433,"ECOLE ÉLÉMENTAIRE 16 RUE JULIEN LACROIX - PARIS 20",433,"ECOLE ÉLÉMENTAIRE","16","RUE JULIEN LACROIX",20,750090632
"433",434,"COLLÈGE LEON GAMBETTA 151 AVENUE GAMBETTA - PARIS 20",434,"COLLÈGE LEON GAMBETTA","151","AV GAMBETTA",20,750089236
"434",435,"ECOLE MATERNELLE 18 RUE DU SURMELIN - PARIS 20",435,"ECOLE MATERNELLE","18","RUE DU SURMELIN",20,750095729
"435",436,"ECOLE MATERNELLE 167 RUE DE BERCY - PARIS 12",436,"ECOLE MATERNELLE","167","RUE DE BERCY",12,750058249
"436",437,"ECOLE ÉLÉMENTAIRE 165 RUE DE BERCY - PARIS 12",437,"ECOLE ÉLÉMENTAIRE","165","RUE DE BERCY",12,750058248
"437",438,"ECOLE MATERNELLE 23 PASSAGE DES RECOLLETS - PARIS 10",438,"ECOLE MATERNELLE","23","PAS DES RECOLLETS",10,750145617
"438",439,"ECOLE ÉLÉMENTAIRE 19 PASSAGE DES RECOLLETS - PARIS 10",439,"ECOLE ÉLÉMENTAIRE","19","PAS DES RECOLLETS",10,750048976
"439",440,"ECOLE MATERNELLE 12 RUE DES GRANDS CHAMPS - PARIS 20",440,"ECOLE MATERNELLE","12","RUE DES GRANDS CHAMPS",20,750089727
"440",441,"ECOLE ÉLÉMENTAIRE B 9 RUE DE LA PLAINE - PARIS 20",441,"ECOLE ÉLÉMENTAIRE B","9","RUE DE LA PLAINE",20,750093613
"441",442,"ECOLE ÉLÉMENTAIRE A 11 RUE DE LA PLAINE - PARIS 20",442,"ECOLE ÉLÉMENTAIRE A","11","RUE DE LA PLAINE",20,750093614
"442",443,"COLLÈGE MAURICE RAVEL 89 COURS DE VINCENNES - PARIS 20",443,"COLLÈGE MAURICE RAVEL","89","CRS DE VINCENNES",20,750096445
"443",444,"COLLÈGE HELENE BOUCHER 75 COURS DE VINCENNES - PARIS 20",444,"COLLÈGE HELENE BOUCHER","75","CRS DE VINCENNES",20,750096439
"444",445,"ECOLE MATERNELLE 1 RUE GUSTAVE ROUANET - PARIS 18",445,"ECOLE MATERNELLE","1","RUE GUSTAVE ROUANET",18,750079675
"445",446,"ECOLE ÉLÉMENTAIRE 7 RUE GUSTAVE ROUANET - PARIS 18",446,"ECOLE ÉLÉMENTAIRE","7","RUE GUSTAVE ROUANET",18,750079678
"446",447,"ECOLE MATERNELLE 131 RUE BELLIARD - PARIS 18",447,"ECOLE MATERNELLE","131","RUE BELLIARD",18,750075835
"447",448,"ECOLE MATERNELLE 40 RUE JACQUES HILLAIRET - PARIS 12",448,"ECOLE MATERNELLE","40","RUE JACQUES HILLAIRET",12,750061618
"448",449,"ECOLE ÉLÉMENTAIRE 4 RUE BIGNON - PARIS 12",449,"ECOLE ÉLÉMENTAIRE","4","RUE BIGNON",12,750058445
"449",450,"COLLÈGE GUY FLAVIEN 6 RUE D'ARTAGNAN - PARIS 12",450,"COLLÈGE GUY FLAVIEN","6","RUE D'ARTAGNAN",12,750057843
"450",451,"ECOLE MATERNELLE 6 AVENUE DE BOUVINES - PARIS 11",451,"ECOLE MATERNELLE","6","AV DE BOUVINES",11,750050731
"451",452,"ECOLE ÉLÉMENTAIRE 4 AVENUE DE BOUVINES - PARIS 11",452,"ECOLE ÉLÉMENTAIRE","4","AV DE BOUVINES",11,750050730
"452",453,"COLLÈGE J-F OEBEN 23 RUE DE REUILLY - PARIS 12",453,"COLLÈGE J-F OEBEN","23","RUE DE REUILLY",12,750063697
"453",454,"ECOLE MATERNELLE 9 RUE POPINCOURT - PARIS 11",454,"ECOLE MATERNELLE","9","RUE POPINCOURT",11,750055257
"454",455,"ECOLE ÉLÉMENTAIRE 13 RUE FROMENT - PARIS 11",455,"ECOLE ÉLÉMENTAIRE","13","RUE FROMENT",11,750052591
"455",456,"ECOLE MATERNELLE 19 RUE ALPHONSE BAUDIN - PARIS 11",456,"ECOLE MATERNELLE","19","RUE ALPHONSE BAUDIN",11,750050077
"456",457,"ECOLE MATERNELLE 2 PASSAGE BESLAY - PARIS 11",457,"ECOLE MATERNELLE","2","PAS BESLAY",11,750050582
"457",458,"ECOLE ÉLÉMENTAIRE 1 RUE PIHET - PARIS 11",458,"ECOLE ÉLÉMENTAIRE","1","RUE PIHET",11,750055158
"458",459,"ECOLE MATERNELLE 6 CITE VOLTAIRE - PARIS 11",459,"ECOLE MATERNELLE","6","CITE VOLTAIRE",11,750057575
"459",460,"ECOLE MATERNELLE 87 RUE BRILLAT SAVARIN - PARIS 13",460,"ECOLE MATERNELLE","87","RUE BRILLAT SAVARIN",13,750067080
"460",461,"ECOLE ÉLÉMENTAIRE A 5 RUE DE LA PROVIDENCE - PARIS 13",461,"ECOLE ÉLÉMENTAIRE A","5","RUE DE LA PROVIDENCE",13,750073348
"461",462,"ECOLE ÉLÉMENTAIRE B 7 RUE DE LA PROVIDENCE - PARIS 13",462,"ECOLE ÉLÉMENTAIRE B","7","RUE DE LA PROVIDENCE",13,750073349
"462",463,"ECOLE MATERNELLE 2 RUE PAUL GERVAIS - PARIS 13",463,"ECOLE MATERNELLE","2","RUE PAUL GERVAIS",13,750072815
"463",464,"ECOLE ÉLÉMENTAIRE 13 RUE VULPIAN - PARIS 13",464,"ECOLE ÉLÉMENTAIRE","13","RUE VULPIAN",13,750074889
"464",465,"ECOLE MATERNELLE 46 RUE JENNER - PARIS 13",465,"ECOLE MATERNELLE","46","RUE JENNER",13,750071112
"465",466,"ECOLE ÉLÉMENTAIRE A 40 RUE JENNER - PARIS 13",466,"ECOLE ÉLÉMENTAIRE A","40","RUE JENNER",13,750071109
"466",467,"ECOLE ÉLÉMENTAIRE B 46 RUE JENNER - PARIS 13",467,"ECOLE ÉLÉMENTAIRE B","46","RUE JENNER",13,750071112
"467",468,"COLLÈGE RAYMOND QUENEAU 66 BOULEVARD SAINT MARCEL - PARIS 05",468,"COLLÈGE RAYMOND QUENEAU","66","BD SAINT MARCEL",5,750025535
"468",469,"ECOLE ÉLÉMENTAIRE 52 RUE DE WATTIGNIES - PARIS 12",469,"ECOLE ÉLÉMENTAIRE","52","RUE DE WATTIGNIES",12,750065126
"469",470,"ECOLE MATERNELLE 28 RUE DE LA BRECHE AUX LOUPS - PARIS 12",470,"ECOLE MATERNELLE","28","RUE DE LA BRECHE AUX LOUPS",12,750058531
"470",471,"ECOLE ÉLÉMENTAIRE 18 RUE DE LA BRECHE AUX LOUPS - PARIS 12",471,"ECOLE ÉLÉMENTAIRE","18","RUE DE LA BRECHE AUX LOUPS",12,750058526
"471",472,"ECOLE MATERNELLE 6 RUE DU RUISSEAU - PARIS 18",472,"ECOLE MATERNELLE","6","RUE DU RUISSEAU",18,750084308
"472",473,"ECOLE MATERNELLE 7 RUE TCHAIKOVSKI - PARIS 18",473,"ECOLE MATERNELLE","7","RUE TCHAIKOVSKI",18,750085019
"473",474,"ECOLE ÉLÉMENTAIRE 33 RUE DE L'EVANGILE - PARIS 18",474,"ECOLE ÉLÉMENTAIRE","33","RUE DE L'EVANGILE",18,750078967
"474",475,"ECOLE MATERNELLE 39 RUE DES TROIS BORNES - PARIS 11",475,"ECOLE MATERNELLE","39","RUE DES TROIS BORNES",11,750057017
"475",476,"ECOLE ÉLÉMENTAIRE 39 RUE DES TROIS BORNES - PARIS 11",476,"ECOLE ÉLÉMENTAIRE","39","RUE DES TROIS BORNES",11,750057017
"476",477,"COLLÈGE GEORGE SAND 159 RUE DE TOLBIAC - PARIS 13",477,"COLLÈGE GEORGE SAND","159","RUE DE TOLBIAC",13,750074226
"477",478,"ECOLE MATERNELLE 2 PLACE FRANCOISE DORLEAC - PARIS 18",478,"ECOLE MATERNELLE","2","PL FRANCOISE DORLEAC",18,750175662
"478",479,"ECOLE ÉLÉMENTAIRE B 8 PL FRANCOISE DORLEAC (EC. B - PARIS 18",479,"ECOLE ÉLÉMENTAIRE B","8","PL FRANCOISE DORLEAC (EC. B",18,750177427
"479",480,"ECOLE ÉLÉMENTAIRE A 8 PLACE FRANCOISE DORLEAC (EC. - PARIS 18",480,"ECOLE ÉLÉMENTAIRE A","8","PL FRANCOISE DORLEAC (EC.",18,750177427
"480",481,"ECOLE ÉLÉMENTAIRE 19 RUE FERNAND LABORI - PARIS 18",481,"ECOLE ÉLÉMENTAIRE","19","RUE FERNAND LABORI",18,750152442
"481",482,"COLLÈGE BERNARD PALISSY 21 RUE DES PETITS HOTELS - PARIS 10",482,"COLLÈGE BERNARD PALISSY","21","RUE DES PETITS HOTELS",10,750048859
"482",483,"COLLÈGE VALMY 199 QUAI DE VALMY - PARIS 10",483,"COLLÈGE VALMY","199","QU DE VALMY",10,750049655
"483",484,"ECOLE MATERNELLE 40 RUE VANDREZANNE - PARIS 13",484,"ECOLE MATERNELLE","40","RUE VANDREZANNE",13,750074473
"484",485,"ECOLE MATERNELLE 4B RUE DE LA PRESENTATION - PARIS 11",485,"ECOLE MATERNELLE","4B","RUE DE LA PRESENTATION",11,750055309
"485",486,"ECOLE ÉLÉMENTAIRE A 77 BLD DE BELLEVILLE - PARIS 11",486,"ECOLE ÉLÉMENTAIRE A","77","BD DE BELLEVILLE",11,750050527
"486",487,"ECOLE MATERNELLE 4 RUE VAUVENARGUES - PARIS 18",487,"ECOLE MATERNELLE","4","RUE VAUVENARGUES",18,750085447
"487",488,"COLLÈGE ANTOINE COYSEVOX 16 RUE COYSEVOX - PARIS 18",488,"COLLÈGE ANTOINE COYSEVOX","16","RUE COYSEVOX",18,750077884
"488",489,"COLLÈGE HECTOR BERLIOZ 17 RUE GEORGETTE AGUTTE - PARIS 18",489,"COLLÈGE HECTOR BERLIOZ","17","RUE GEORGETTE AGUTTE",18,750079456
"489",490,"ECOLE MATERNELLE 9 RUE FRANC NOHAIN - PARIS 13",490,"ECOLE MATERNELLE","9","RUE FRANC NOHAIN",13,750069745
"490",491,"ECOLE ÉLÉMENTAIRE 9 RUE FRANC NOHAIN - PARIS 13",491,"ECOLE ÉLÉMENTAIRE","9","RUE FRANC NOHAIN",13,750069745
"491",492,"COLLÈGE CAMILLE CLAUDEL 4 BIS AVENUE DE CHOISY - PARIS 13",492,"COLLÈGE CAMILLE CLAUDEL","4BIS","AV DE CHOISY",13,750068147
"492",493,"ECOLE MATERNELLE 4B AVENUE DE CHOISY - PARIS 13",493,"ECOLE MATERNELLE","4B","AV DE CHOISY",13,750068147
"493",494,"ECOLE ÉLÉMENTAIRE A 47 AVENUE D'IVRY (ECOLE A) - PARIS 13",494,"ECOLE ÉLÉMENTAIRE A","47","AV D'IVRY (ECOLE A)",13,750070739
"494",495,"ECOLE ÉLÉMENTAIRE B 47 AVENUE D'IVRY (ECOLE B) - PARIS 13",495,"ECOLE ÉLÉMENTAIRE B","47","AV D'IVRY (ECOLE B)",13,750070739
"495",496,"ECOLE ÉLÉMENTAIRE 15 RUE HOUDON - PARIS 18",496,"ECOLE ÉLÉMENTAIRE","15","RUE HOUDON",18,750079848
"496",497,"ECOLE MATERNELLE 1 RUE PAUL ABADIE - PARIS 18",497,"ECOLE MATERNELLE","1","RUE PAUL ABADIE",18,750156555
"497",498,"ECOLE ÉLÉMENTAIRE 129 RUE BELLIARD - PARIS 18",498,"ECOLE ÉLÉMENTAIRE","129","RUE BELLIARD",18,750075834
"498",499,"ECOLE ÉLÉMENTAIRE 15 RUE DE LANCRY - PARIS 10",499,"ECOLE ÉLÉMENTAIRE","15","RUE DE LANCRY",10,750097135
"499",500,"ECOLE ÉLÉMENTAIRE 236 RUE DE BELLEVILLE - PARIS 20",500,"ECOLE ÉLÉMENTAIRE","236","RUE DE BELLEVILLE",20,750086698
"500",501,"ECOLE ÉLÉMENTAIRE 26 RUE DU MONT CENIS - PARIS 18",501,"ECOLE ÉLÉMENTAIRE","26","RUE DU MONT CENIS",18,750081790
"501",502,"ECOLE MATERNELLE 155 AVENUE PARMENTIER - PARIS 10",502,"ECOLE MATERNELLE","155","AV PARMENTIER",10,750048707
"502",503,"ECOLE ÉLÉMENTAIRE 159 AVENUE PARMENTIER - PARIS 10",503,"ECOLE ÉLÉMENTAIRE","159","AV PARMENTIER",10,750048709
"503",504,"ECOLE ÉLÉMENTAIRE 2 PLACE DES 44 ENFANTS D'IZIEU - PARIS 13",504,"ECOLE ÉLÉMENTAIRE","2","PL DES QUARANTE-QUATRE ENFANTS D'IZIEU",13,750164555
"504",505,"ECOLE MATERNELLE 20 RUE DES CENDRIERS - PARIS 20",505,"ECOLE MATERNELLE","20","RUE DES CENDRIERS",20,750087370
"505",506,"ECOLE ÉLÉMENTAIRE 9 RUE DE TLEMCEN - PARIS 20",506,"ECOLE ÉLÉMENTAIRE","9","RUE DE TLEMCEN",20,750095904
"506",507,"COLLÈGE LUCIE FAURE 40 RUE DES PYRENEES - PARIS 20",507,"COLLÈGE LUCIE FAURE","40","RUE DES PYRENEES",20,750094396
"507",508,"ECOLE MATERNELLE 103 RUE CHATEAU DES RENTIERS - PARIS 13",508,"ECOLE MATERNELLE","103","RUE CHATEAU DES RENTIERS",13,750097301
"508",509,"ECOLE ÉLÉMENTAIRE A 53 RUE BAUDRICOURT - PARIS 13",509,"ECOLE ÉLÉMENTAIRE A","53","RUE BAUDRICOURT",13,750066637
"509",510,"ECOLE ÉLÉMENTAIRE B 55 RUE BAUDRICOURT - PARIS 13",510,"ECOLE ÉLÉMENTAIRE B","55","RUE BAUDRICOURT",13,750066638
"510",511,"ECOLE MATERNELLE 3 RUE SAINT LUC - PARIS 18",511,"ECOLE MATERNELLE","3","RUE SAINT LUC",18,750084453
"511",512,"COLLÈGE MARX DORMOY 55 RUE MARX DORMOY - PARIS 18",512,"COLLÈGE MARX DORMOY","55","RUE MARX DORMOY",18,750081492
"512",513,"ECOLE MATERNELLE 7 RUE DE TORCY - PARIS 18",513,"ECOLE MATERNELLE","7","RUE DE TORCY",18,750085148
"513",514,"ECOLE ÉLÉMENTAIRE 2 RUE DE LA GUADELOUPE - PARIS 18",514,"ECOLE ÉLÉMENTAIRE","2","RUE DE LA GUADELOUPE",18,750079659
"514",515,"ECOLE ÉLÉMENTAIRE 5 RUE DE TORCY - PARIS 18",515,"ECOLE ÉLÉMENTAIRE","5","RUE DE TORCY",18,750085147
"515",516,"ECOLE ÉLÉMENTAIRE 16 RUE DE MONTEMPOIVRE - PARIS 12",516,"ECOLE ÉLÉMENTAIRE","16","RUE DE MONTEMPOIVRE",12,750062448
"516",517,"ECOLE MATERNELLE 9 RUE DES TOURELLES - PARIS 20",517,"ECOLE MATERNELLE","9","RUE DES TOURELLES",20,750095984
"517",518,"ECOLE MATERNELLE 39 RUE DE TOURTILLE - PARIS 20",518,"ECOLE MATERNELLE","39","RUE DE TOURTILLE",20,750096016
"518",519,"ECOLE MATERNELLE 19 RUE DES AMIRAUX - PARIS 18",519,"ECOLE MATERNELLE","19","RUE DES AMIRAUX",18,750075299
"519",520,"ECOLE ÉLÉMENTAIRE 7 RUE CHAMPIONNET - PARIS 18",520,"ECOLE ÉLÉMENTAIRE","7","RUE CHAMPIONNET",18,750076676
"520",521,"ECOLE MATERNELLE 14 RUE SIMPLON - PARIS 18",521,"ECOLE MATERNELLE","14","RUE SIMPLON",18,750084817
"521",522,"COLLÈGE MARIE CURIE 21/23 RUE BOINOD - PARIS 18",522,"COLLÈGE MARIE CURIE","21/23","RUE BOINOD",18,750075978
"522",523,"COLLÈGE FRANCOISE DOLTO 354 RUE DES PYRENEES - PARIS 20",523,"COLLÈGE FRANCOISE DOLTO","354","RUE DES PYRENEES",20,750094242
"523",524,"ECOLE MATERNELLE 3 RUE FERDINAND FLOCON - PARIS 18",524,"ECOLE MATERNELLE","3","RUE FERDINAND FLOCON",18,750079058
"524",525,"ECOLE ÉLÉMENTAIRE 5 RUE FERDINAND FLOCON - PARIS 18",525,"ECOLE ÉLÉMENTAIRE","5","RUE FERDINAND FLOCON",18,750079059
"525",526,"ECOLE MATERNELLE 5 RUE SIMONE WEIL - PARIS 13",526,"ECOLE MATERNELLE","5","RUE SIMONE WEIL",13,750073862
"526",527,"ECOLE ÉLÉMENTAIRE 142 RUE DES POISSONNIERS - PARIS 18",527,"ECOLE ÉLÉMENTAIRE","142","RUE DES POISSONNIERS",18,750083357
"527",528,"ECOLE MATERNELLE 57 RUE DE LA GOUTTE D'OR - PARIS 18",528,"ECOLE MATERNELLE","57","RUE DE LA GOUTTE D'OR",18,750079584
"528",529,"ECOLE ÉLÉMENTAIRE 9 RUE RICHOMME - PARIS 18",529,"ECOLE ÉLÉMENTAIRE","9","RUE RICHOMME",18,750084016
"529",530,"COLLÈGE ROLAND DORGELES 63 RUE DE CLIGNANCOURT - PARIS 18",530,"COLLÈGE ROLAND DORGELES","63","RUE DE CLIGNANCOURT",18,750077527
"530",531,"COLLÈGE GEORGES CLEMENCEAU 43 RUE DES POISSONNIERS - PARIS 18",531,"COLLÈGE GEORGES CLEMENCEAU","43","RUE DES POISSONNIERS",18,750083257
"531",532,"ECOLE MATERNELLE 32 RUE OLIVIER METRA - PARIS 20",532,"ECOLE MATERNELLE","32","RUE OLIVIER METRA",20,750092416
"532",533,"ECOLE MATERNELLE 29 RUE OLIVIER METRA - PARIS 20",533,"ECOLE MATERNELLE","29","RUE OLIVIER METRA",20,750092390
"533",534,"ECOLE MATERNELLE 32-34 RUE OLIVIER METRA - PARIS 20",534,"ECOLE MATERNELLE","32-34","RUE OLIVIER METRA",20,750092416
"534",535,"ECOLE ÉLÉMENTAIRE A 24 RUE OLIVIER METRA - PARIS 20",535,"ECOLE ÉLÉMENTAIRE A","24","RUE OLIVIER METRA",20,750092412
"535",536,"ECOLE ÉLÉMENTAIRE B 22 RUE OLIVIER METRA - PARIS 20",536,"ECOLE ÉLÉMENTAIRE B","22","RUE OLIVIER METRA",20,750092411
"536",537,"ECOLE MATERNELLE 90 RUE DES AMANDIERS - PARIS 20",537,"ECOLE MATERNELLE","90","RUE DES AMANDIERS",20,750085883
"537",538,"ECOLE ÉLÉMENTAIRE 103-111 RUE DES AMANDIERS - PARIS 20",538,"ECOLE ÉLÉMENTAIRE","103-111","RUE DES AMANDIERS",20,750085811
"538",539,"ECOLE ÉLÉMENTAIRE 103 AVENUE GAMBETTA - PARIS 20",539,"ECOLE ÉLÉMENTAIRE","103","AV GAMBETTA",20,750089351
"539",540,"ECOLE ÉLÉMENTAIRE A 33 PLACE JEANNE D'ARC - PARIS 13",540,"ECOLE ÉLÉMENTAIRE A","33","PL JEANNE D'ARC",13,750070917
"540",541,"ECOLE MATERNELLE 94 RUE JOSEPH DE MAISTRE - PARIS 18",541,"ECOLE MATERNELLE","94","RUE JOSEPH DE MAISTRE",18,750080109
"541",542,"COLLÈGE JACQUES DECOUR 12 AVENUE TRUDAINE - PARIS 09",542,"COLLÈGE JACQUES DECOUR","12","AV TRUDAINE",9,750044392
"542",543,"ECOLE ÉLÉMENTAIRE 7 RUE DOUDEAUVILLE - PARIS 18",543,"ECOLE ÉLÉMENTAIRE","7","RUE DOUDEAUVILLE",18,750078375
"543",544,"ECOLE MATERNELLE 27 RUE EMILE DUPLOYE - PARIS 18",544,"ECOLE MATERNELLE","27","RUE EMILE DUPLOYE",18,750078734
"544",545,"ECOLE ÉLÉMENTAIRE 18 RUE D'ORAN - PARIS 18",545,"ECOLE ÉLÉMENTAIRE","18","RUE D'ORAN",18,750082381
"545",546,"ECOLE MATERNELLE 20 RUE DE PARADIS - PARIS 10",546,"ECOLE MATERNELLE","20","RUE DE PARADIS",10,750048693
"546",547,"ECOLE ÉLÉMENTAIRE 9 RUE MARTEL - PARIS 10",547,"ECOLE ÉLÉMENTAIRE","9","RUE MARTEL",10,750048486
"547",548,"ECOLE MATERNELLE 18 RUE RICHOMME - PARIS 18",548,"ECOLE MATERNELLE","18","RUE RICHOMME",18,750084025
"548",549,"ECOLE ÉLÉMENTAIRE 9 RUE BRETONNEAU - PARIS 20",549,"ECOLE ÉLÉMENTAIRE","9","RUE BRETONNEAU",20,750086939
"549",550,"ECOLE ÉLÉMENTAIRE 103 AVENUE DE CHOISY - PARIS 13",550,"ECOLE ÉLÉMENTAIRE","103","AV DE CHOISY",13,750068063
"550",551,"ECOLE MATERNELLE 41 RUE TRAVERSIERE - PARIS 12",551,"ECOLE MATERNELLE","41","RUE TRAVERSIERE",12,750064619
"551",552,"ECOLE ÉLÉMENTAIRE 51 RUE DE CHARENTON - PARIS 12",552,"ECOLE ÉLÉMENTAIRE","51","RUE DE CHARENTON",12,750058942
"552",553,"ECOLE MATERNELLE 5-7 RUE CARPEAUX - PARIS 18",553,"ECOLE MATERNELLE","5-7","RUE CARPEAUX",18,750076357
"553",554,"ECOLE ÉLÉMENTAIRE 29 RUE JOSEPH DE MAISTRE - PARIS 18",554,"ECOLE ÉLÉMENTAIRE","29","RUE JOSEPH DE MAISTRE",18,750080085
"554",555,"ECOLE MATERNELLE 3 RUE DE BELZUNCE - PARIS 10",555,"ECOLE MATERNELLE","3","RUE DE BELZUNCE",10,750045520
"555",556,"ECOLE ÉLÉMENTAIRE 3 RUE DE BELZUNCE - PARIS 10",556,"ECOLE ÉLÉMENTAIRE","3","RUE DE BELZUNCE",10,750045520
"556",557,"ECOLE MATERNELLE 18 RUE DU CLOS - PARIS 20",557,"ECOLE MATERNELLE","18","RUE DU CLOS",20,750087699
"557",558,"ECOLE ÉLÉMENTAIRE 18 RUE DU CLOS - PARIS 20",558,"ECOLE ÉLÉMENTAIRE","18","RUE DU CLOS",20,750087699
"558",559,"ECOLE MATERNELLE 140 RUE LEON MAURICE NORDMANN - PARIS 13",559,"ECOLE MATERNELLE","140","RUE LEON MAURICE NORDMANN",13,750071487
"559",560,"ECOLE ÉLÉMENTAIRE 140 RUE LEON MAURICE NORDMANN - PARIS 13",560,"ECOLE ÉLÉMENTAIRE","140","RUE LEON MAURICE NORDMANN",13,750071487
"560",561,"ECOLE MATERNELLE 18 RUE MARYSE HILSZ - PARIS 20",561,"ECOLE MATERNELLE","18","RUE MARYSE HILSZ",20,750091682
"561",562,"ECOLE ÉLÉMENTAIRE 20 RUE MARYSE HILSZ - PARIS 20",562,"ECOLE ÉLÉMENTAIRE","20","RUE MARYSE HILSZ",20,750091683
"562",563,"ECOLE MATERNELLE 2 RUE EUGENE REISZ - PARIS 20",563,"ECOLE MATERNELLE","2","RUE EUGENE REISZ",20,750088913
"563",564,"ECOLE ÉLÉMENTAIRE 4 RUE EUGENE REISZ - PARIS 20",564,"ECOLE ÉLÉMENTAIRE","4","RUE EUGENE REISZ",20,750088914
"564",565,"COLLÈGE JEAN PERRIN 6 RUE EUGENE REISZ - PARIS 20",565,"COLLÈGE JEAN PERRIN","6","RUE EUGENE REISZ",20,750097096
"565",566,"ECOLE MATERNELLE 10B RUE DURANTI - PARIS 11",566,"ECOLE MATERNELLE","10B","RUE DURANTI",11,750051857
"566",567,"ECOLE MATERNELLE 68 RUE VITRUVE - PARIS 20",567,"ECOLE MATERNELLE","68","RUE VITRUVE",20,750096529
"567",568,"ECOLE ÉLÉMENTAIRE 27 RUE DE REUILLY - PARIS 12",568,"ECOLE ÉLÉMENTAIRE","27","RUE DE REUILLY",12,750063699
"568",569,"ECOLE ÉLÉMENTAIRE 30 BOULEVARD ARAGO - PARIS 13",569,"ECOLE ÉLÉMENTAIRE","30","BD ARAGO",13,750066030
"569",570,"ECOLE ÉLÉMENTAIRE 200 RUE SAINT MAUR - PARIS 10",570,"ECOLE ÉLÉMENTAIRE","200","RUE SAINT MAUR",10,750049292
"570",571,"ECOLE MATERNELLE 7-13 PASSAGE PIVER - PARIS 11",571,"ECOLE MATERNELLE","7-13","PAS PIVER",11,750055176
"571",572,"ECOLE ÉLÉMENTAIRE 39 RUE ALEXANDRE DUMAS - PARIS 11",572,"ECOLE ÉLÉMENTAIRE","39","RUE ALEXANDRE DUMAS",11,750050000
"572",573,"COLLÈGE A DE LAMARTINE 121 RUE FBG POISSONNIERE - PARIS 09",573,"COLLÈGE A DE LAMARTINE","121","RUE FAUBOURG POISSONNIERE",9,750041574
"573",574,"ECOLE MATERNELLE 12 RUE D'ARTAGNAN - PARIS 12",574,"ECOLE MATERNELLE","12","RUE D'ARTAGNAN",12,750057846
"574",575,"ECOLE ÉLÉMENTAIRE 30 RUE CUGNOT - PARIS 18",575,"ECOLE ÉLÉMENTAIRE","30","RUE CUGNOT",18,750077939
"575",576,"ECOLE MATERNELLE 70 AVENUE DAUMESNIL - PARIS 12",576,"ECOLE MATERNELLE","70","AV DAUMESNIL",12,750097329
"576",577,"ECOLE ÉLÉMENTAIRE 5 RUE JEAN BOUTON - PARIS 12",577,"ECOLE ÉLÉMENTAIRE","5","RUE JEAN BOUTON",12,750061672
"577",578,"ECOLE ÉLÉMENTAIRE 40 BOULEVARD DIDEROT - PARIS 12",578,"ECOLE ÉLÉMENTAIRE","40","BD DIDEROT",12,750060361
"578",579,"ECOLE MATERNELLE 9 RUE MOURAUD - PARIS 20",579,"ECOLE MATERNELLE","9","RUE MOURAUD",20,750092275
"579",580,"ECOLE ÉLÉMENTAIRE 5 RUE MOURAUD - PARIS 20",580,"ECOLE ÉLÉMENTAIRE","5","RUE MOURAUD",20,750092273
"580",581,"ECOLE MATERNELLE 17-35 RUE DE LA POINTE D'IVRY - PARIS 13",581,"ECOLE MATERNELLE","17-35","RUE DE LA POINTE D'IVRY",13,750073095
"581",582,"ECOLE MATERNELLE 11 RUE DE CROULEBARBE - PARIS 13",582,"ECOLE MATERNELLE","11","RUE DE CROULEBARBE",13,750068630
"582",583,"ECOLE MATERNELLE 56 RUE DE PICPUS - PARIS 12",583,"ECOLE MATERNELLE","56","RUE DE PICPUS",12,750063072
"583",584,"ECOLE MATERNELLE 15 RUE ELISA LEMONNIER - PARIS 12",584,"ECOLE MATERNELLE","15","RUE ELISA LEMONNIER",12,750060688
"584",585,"ECOLE MATERNELLE 8 RUE RICAUT - PARIS 13",585,"ECOLE MATERNELLE","8","RUE RICAUT",13,750073537
"585",586,"ECOLE MATERNELLE 8 RUE CHRISTIANI - PARIS 18",586,"ECOLE MATERNELLE","8","RUE CHRISTIANI",18,750077349
"586",587,"ECOLE ÉLÉMENTAIRE 3 RUE MAURICE GENEVOIX - PARIS 18",587,"ECOLE ÉLÉMENTAIRE","3","RUE MAURICE GENEVOIX",18,750081552
"587",588,"ECOLE MATERNELLE 12 ALLEE ALQUIER DEBROUSSE - PARIS 20",588,"ECOLE MATERNELLE","12","ALL ALQUIER DEBROUSSE",20,750155618
"588",589,"ECOLE MATERNELLE 12 RUE BRETONNEAU - PARIS 20",589,"ECOLE MATERNELLE","12","RUE BRETONNEAU",20,750086944
"589",590,"ECOLE MATERNELLE 4 RUE DU JOURDAIN - PARIS 20",590,"ECOLE MATERNELLE","4","RUE DU JOURDAIN",20,750090434
"590",591,"ECOLE ÉLÉMENTAIRE 104 RUE DE BELLEVILLE - PARIS 20",591,"ECOLE ÉLÉMENTAIRE","104","RUE DE BELLEVILLE",20,750086582
"591",592,"ECOLE MATERNELLE 5 IMPASSE DE LA BALEINE - PARIS 11",592,"ECOLE MATERNELLE","5","IMP DE LA BALEINE",11,750050348
"592",593,"ECOLE MATERNELLE 29 RUE MARCADET - PARIS 18",593,"ECOLE MATERNELLE","29","RUE MARCADET",18,750081223
"593",594,"ECOLE ÉLÉMENTAIRE 5 RUE PIERRE BUDIN - PARIS 18",594,"ECOLE ÉLÉMENTAIRE","5","RUE PIERRE BUDIN",18,750083058
"594",595,"ECOLE ÉLÉMENTAIRE 11 RUE CAVE - PARIS 18",595,"ECOLE ÉLÉMENTAIRE","11","RUE CAVE",18,750076532
"595",596,"ECOLE MATERNELLE 53 AVENUE DE LA PORTE D'IVRY - PARIS 13",596,"ECOLE MATERNELLE","53","AV DE LA PORTE D'IVRY",13,750073222
"596",597,"ECOLE ÉLÉMENTAIRE 3 RUE EMILE LEVASSOR - PARIS 13",597,"ECOLE ÉLÉMENTAIRE","3","RUE EMILE LEVASSOR",13,750069480
"597",598,"ECOLE MATERNELLE 9 RUE MARTEL - PARIS 10",598,"ECOLE MATERNELLE","9","RUE MARTEL",10,750048486
"598",599,"ECOLE MATERNELLE 157 RUE DE TOLBIAC - PARIS 13",599,"ECOLE MATERNELLE","157","RUE DE TOLBIAC",13,750074225
"599",600,"ECOLE ÉLÉMENTAIRE 5 RUE DAMESME - PARIS 13",600,"ECOLE ÉLÉMENTAIRE","5","RUE DAMESME",13,750068711
"600",601,"ECOLE MATERNELLE 44 RUE EMILE LEPEU - PARIS 11",601,"ECOLE MATERNELLE","44","RUE EMILE LEPEU",11,750051928
"601",602,"ECOLE MATERNELLE 39 RUE DE L'AQUEDUC - PARIS 10",602,"ECOLE MATERNELLE","39","RUE DE L'AQUEDUC",10,750045405
"602",603,"ECOLE ÉLÉMENTAIRE 39 RUE DE L'AQUEDUC - PARIS 10",603,"ECOLE ÉLÉMENTAIRE","39","RUE DE L'AQUEDUC",10,750045405
"603",604,"ECOLE MATERNELLE 51 RUE DU DEPARTEMENT - PARIS 18",604,"ECOLE MATERNELLE","51","RUE DU DEPARTEMENT",18,750078274
"604",605,"ECOLE ÉLÉMENTAIRE 58 RUE PHILIPPE DE GIRARD - PARIS 18",605,"ECOLE ÉLÉMENTAIRE","58","RUE PHILIPPE DE GIRARD",18,750083040
"605",606,"ECOLE MATERNELLE 49 RUE LOUIS BLANC - PARIS 10",606,"ECOLE MATERNELLE","49","RUE LOUIS BLANC",10,750048114
"606",607,"ECOLE ÉLÉMENTAIRE 49B RUE LOUIS BLANC - PARIS 10",607,"ECOLE ÉLÉMENTAIRE","49B","RUE LOUIS BLANC",10,750048114
"607",608,"ECOLE MATERNELLE 11 RUE PAJOL - PARIS 18",608,"ECOLE MATERNELLE","11","RUE PAJOL",18,750082804
"608",609,"ECOLE MATERNELLE 90 BOULEVARD VINCENT AURIOL - PARIS 13",609,"ECOLE MATERNELLE","90","BD VINCENT AURIOL",13,750074797
"609",610,"ECOLE ÉLÉMENTAIRE 51 BD DAVOUT - PARIS 20",610,"ECOLE ÉLÉMENTAIRE","51","BD DAVOUT",20,750088136
"610",611,"ECOLE MATERNELLE 7 RUE JEAN BOUTON - PARIS 12",611,"ECOLE MATERNELLE","7","RUE JEAN BOUTON",12,750061673
"611",612,"ECOLE MATERNELLE 13 RUE LAHIRE - PARIS 13",612,"ECOLE MATERNELLE","13","RUE LAHIRE",13,750071341
"612",613,"ECOLE ÉLÉMENTAIRE 51 AVENUE DE LA PORTE D'IVRY - PARIS 13",613,"ECOLE ÉLÉMENTAIRE","51","AV DE LA PORTE D'IVRY",13,750073221
"613",614,"ECOLE MATERNELLE 70 RUE DUNOIS - PARIS 13",614,"ECOLE MATERNELLE","70","RUE DUNOIS",13,750069319
"614",615,"ECOLE ÉLÉMENTAIRE 64 RUE DUNOIS - PARIS 13",615,"ECOLE ÉLÉMENTAIRE","64","RUE DUNOIS",13,750069316
"615",616,"ECOLE MATERNELLE 17-21 CITE CHAMPAGNE - PARIS 20",616,"ECOLE MATERNELLE","17-21","CITE CHAMPAGNE",20,750087395
"616",617,"COLLÈGE MONTGOLFIER 15 RUE MONTGOLFIER - PARIS 03",617,"COLLÈGE MONTGOLFIER","15","RUE MONTGOLFIER",3,750007573
"617",618,"ECOLE MATERNELLE 49B RUE DE LA GOUTTE D'OR - PARIS 18",618,"ECOLE MATERNELLE","49B","RUE DE LA GOUTTE D'OR",18,750079578
"618",619,"ECOLE MATERNELLE 30 RUE DU DISQUE - PARIS 13",619,"ECOLE MATERNELLE","30","RUE DU DISQUE",13,750173073
"619",620,"ECOLE MATERNELLE 28-30 RUE D'AUBERVILLIERS - PARIS 19",620,"ECOLE MATERNELLE","28-30","RUE D'AUBERVILLIERS",19,750013595
"620",621,"ECOLE ÉLÉMENTAIRE 10 RUE PAUL BAUDRY - PARIS 08",621,"ECOLE ÉLÉMENTAIRE","10","RUE PAUL BAUDRY",8,750038503
"621",622,"ECOLE ÉLÉMENTAIRE 15 RUE DE MONCEAU - PARIS 08",622,"ECOLE ÉLÉMENTAIRE","15","RUE DE MONCEAU",8,750038090
"622",623,"ECOLE MATERNELLE 16 RUE ROQUEPINE - PARIS 08",623,"ECOLE MATERNELLE","16","RUE ROQUEPINE",8,750039105
"623",624,"ECOLE ÉLÉMENTAIRE 18 RUE DE SURENE - PARIS 08",624,"ECOLE ÉLÉMENTAIRE","18","RUE DE SURENE",8,750039297
"624",625,"ECOLE MATERNELLE 6 RUE LITTRE - PARIS 06",625,"ECOLE MATERNELLE","6","RUE LITTRE",6,750027816
"625",626,"ECOLE ÉLÉMENTAIRE 6 RUE LITTRE - PARIS 06",626,"ECOLE ÉLÉMENTAIRE","6","RUE LITTRE",6,750027816
"626",627,"ECOLE MATERNELLE 34 RUE DE BRUXELLES - PARIS 09",627,"ECOLE MATERNELLE","34","RUE DE BRUXELLES",9,750040380
"627",628,"ECOLE ÉLÉMENTAIRE 32 RUE DE BRUXELLES - PARIS 09",628,"ECOLE ÉLÉMENTAIRE","32","RUE DE BRUXELLES",9,750040379
"628",629,"ECOLE MATERNELLE 242 RUE SAINT JACQUES - PARIS 05",629,"ECOLE MATERNELLE","242","RUE SAINT JACQUES",5,750025439
"629",630,"ECOLE ÉLÉMENTAIRE 41 RUE DE L'ARBALETE - PARIS 05",630,"ECOLE ÉLÉMENTAIRE","41","RUE DE L'ARBALETE",5,750021863
"630",631,"ECOLE MATERNELLE 40 RUE MADAME - PARIS 06",631,"ECOLE MATERNELLE","40","RUE MADAME",6,750027913
"631",632,"ECOLE MATERNELLE 16 RUE SAINT BENOIT - PARIS 06",632,"ECOLE MATERNELLE","16","RUE SAINT BENOIT",6,750029007
"632",633,"ECOLE ÉLÉMENTAIRE 42 RUE MADAME - PARIS 06",633,"ECOLE ÉLÉMENTAIRE","42","RUE MADAME",6,750027914
"633",634,"ECOLE ÉLÉMENTAIRE 12 RUE SAINT BENOIT - PARIS 06",634,"ECOLE ÉLÉMENTAIRE","12","RUE SAINT BENOIT",6,750029005
"634",635,"ECOLE MATERNELLE 117B RUE SAINT DOMINIQUE - PARIS 07",635,"ECOLE MATERNELLE","117B","RUE SAINT DOMINIQUE",7,750033110
"635",636,"ECOLE ÉLÉMENTAIRE 10 AVENUE DE LA MOTTE PICQUET - PARIS 07",636,"ECOLE ÉLÉMENTAIRE","10","AV DE LA MOTTE PICQUET",7,750032115
"636",637,"ECOLE MATERNELLE 23 RUE CUJAS - PARIS 05",637,"ECOLE MATERNELLE","23","RUE CUJAS",5,750022676
"637",638,"ECOLE MATERNELLE 9B RUE BLANCHE - PARIS 09",638,"ECOLE MATERNELLE","9B","RUE BLANCHE",9,750040195
"638",639,"ECOLE ÉLÉMENTAIRE 10 RUE DE CLICHY - PARIS 09",639,"ECOLE ÉLÉMENTAIRE","10","RUE DE CLICHY",9,750041035
"639",640,"ECOLE MATERNELLE 5 RUE MILTON - PARIS 09",640,"ECOLE MATERNELLE","5","RUE MILTON",9,750042998
"640",641,"ECOLE ÉLÉMENTAIRE 5 RUE MILTON - PARIS 09",641,"ECOLE ÉLÉMENTAIRE","5","RUE MILTON",9,750042998
"641",642,"ECOLE MATERNELLE 29 RUE MOUFFETARD - PARIS 05",642,"ECOLE MATERNELLE","29","RUE MOUFFETARD",5,750024488
"642",643,"ECOLE ÉLÉMENTAIRE 10 RUE ROLLIN - PARIS 05",643,"ECOLE ÉLÉMENTAIRE","10","RUE ROLLIN",5,750025131
"643",644,"ECOLE MATERNELLE 12 RUE CLAUZEL - PARIS 09",644,"ECOLE MATERNELLE","12","RUE CLAUZEL",9,750040898
"644",645,"ECOLE ÉLÉMENTAIRE 45 RUE DE LA TOUR D'AUVERGNE - PARIS 09",645,"ECOLE ÉLÉMENTAIRE","45","RUE DE LA TOUR D'AUVERGNE",9,750042533
"645",646,"ECOLE ÉLÉMENTAIRE 12 RUE CHAPTAL - PARIS 09",646,"ECOLE ÉLÉMENTAIRE","12","RUE CHAPTAL",9,750040659
"646",647,"ECOLE MATERNELLE 12 RUE DE LA BIENFAISANCE - PARIS 08",647,"ECOLE MATERNELLE","12","RUE DE LA BIENFAISANCE",8,750035164
"647",648,"ECOLE ÉLÉMENTAIRE 12B RUE DE LA BIENFAISANCE - PARIS 08",648,"ECOLE ÉLÉMENTAIRE","12B","RUE DE LA BIENFAISANCE",8,750035164
"648",649,"COLLÈGE OCTAVE GREARD 28 RUE DU GENERAL FOY - PARIS 08",649,"COLLÈGE OCTAVE GREARD","28","RUE DU GENERAL FOY",8,750036571
"649",650,"COLLÈGE JACQUES PREVERT 18 RUE SAINT BENOIT - PARIS 06",650,"COLLÈGE JACQUES PREVERT","18","RUE SAINT BENOIT",6,750029008
"650",651,"ECOLE MATERNELLE 27 RUE DE LA SOURDIERE - PARIS 01",651,"ECOLE MATERNELLE","27","RUE DE LA SOURDIERE",1,750001017
"651",652,"ECOLE ÉLÉMENTAIRE 28 RUE CAMBON - PARIS 01",652,"ECOLE ÉLÉMENTAIRE","28","RUE CAMBON",1,750000357
"652",653,"COLLÈGE VICTOR DURUY 33 BOULEVARD DES INVALIDES - PARIS 07",653,"COLLÈGE VICTOR DURUY","33","BD DES INVALIDES",7,750031817
"653",654,"ECOLE MATERNELLE 17 RUE DE VERNEUIL - PARIS 07",654,"ECOLE MATERNELLE","17","RUE DE VERNEUIL",7,750034293
"654",655,"ECOLE ÉLÉMENTAIRE 27 RUE LAS CASES - PARIS 07",655,"ECOLE ÉLÉMENTAIRE","27","RUE LAS CASES",7,750032195
"655",656,"ECOLE ÉLÉMENTAIRE 8 RUE CHOMEL - PARIS 07",656,"ECOLE ÉLÉMENTAIRE","8","RUE CHOMEL",7,750030975
"656",657,"ECOLE MATERNELLE 10 RUE DU SOMMERARD - PARIS 05",657,"ECOLE MATERNELLE","10","RUE DU SOMMERARD",5,750022895
"657",658,"ECOLE ÉLÉMENTAIRE 28 RUE SAINT JACQUES - PARIS 05",658,"ECOLE ÉLÉMENTAIRE","28","RUE SAINT JACQUES",5,750025486
"658",659,"COLLÈGE HENRI IV 23 RUE CLOVIS - PARIS 05",659,"COLLÈGE HENRI IV","23","RUE CLOVIS",5,750022627
"659",660,"ECOLE ÉLÉMENTAIRE 9 RUE BLANCHE - PARIS 09",660,"ECOLE ÉLÉMENTAIRE","9","RUE BLANCHE",9,750040195
"660",661,"ECOLE MATERNELLE 12 RUE CHAPTAL - PARIS 09",661,"ECOLE MATERNELLE","12","RUE CHAPTAL",9,750040659
"661",662,"ECOLE ÉLÉMENTAIRE 9 RUE DE VAUGIRARD - PARIS 06",662,"ECOLE ÉLÉMENTAIRE","9","RUE DE VAUGIRARD",6,750029711
"662",663,"COLLÈGE MONTAIGNE 17 RUE AUGUSTE COMTE - PARIS 06",663,"COLLÈGE MONTAIGNE","17","RUE AUGUSTE COMTE",6,750026383
"663",664,"ECOLE MATERNELLE 34 RUE BUFFAULT - PARIS 09",664,"ECOLE MATERNELLE","34","RUE BUFFAULT",9,750040449
"664",665,"ECOLE ÉLÉMENTAIRE 32 RUE BUFFAULT - PARIS 09",665,"ECOLE ÉLÉMENTAIRE","32","RUE BUFFAULT",9,750040448
"665",666,"ECOLE MATERNELLE 11 RUE DE LA GRANGE BATELIERE - PARIS 09",666,"ECOLE MATERNELLE","11","RUE DE LA GRANGE BATELIERE",9,750041793
"666",667,"ECOLE MATERNELLE 68 RUE DE ROCHECHOUART - PARIS 09",667,"ECOLE MATERNELLE","68","RUE DE ROCHECHOUART",9,750043749
"667",668,"ECOLE MATERNELLE 30 RUE RODIER - PARIS 09",668,"ECOLE MATERNELLE","30","RUE RODIER",9,750043826
"668",669,"ECOLE ÉLÉMENTAIRE 21 RUE MILTON - PARIS 09",669,"ECOLE ÉLÉMENTAIRE","21","RUE MILTON",9,750043007
"669",670,"COLLÈGE PAUL GAUGUIN 35 RUE MILTON - PARIS 09",670,"COLLÈGE PAUL GAUGUIN","35","RUE MILTON",9,750043015
"670",671,"ECOLE MATERNELLE 22 RUE DE ROCHECHOUART - PARIS 09",671,"ECOLE MATERNELLE","22","RUE DE ROCHECHOUART",9,750043769
"671",672,"ECOLE ÉLÉMENTAIRE 15 RUE TURGOT - PARIS 09",672,"ECOLE ÉLÉMENTAIRE","15","RUE TURGOT",9,750044412
"672",673,"ECOLE ÉLÉMENTAIRE 14 RUE VICTOR COUSIN - PARIS 05",673,"ECOLE ÉLÉMENTAIRE","14","RUE VICTOR COUSIN",5,750026098
"673",674,"COLLÈGE PIERRE ALVISET 88 RUE MONGE - PARIS 05",674,"COLLÈGE PIERRE ALVISET","88","RUE MONGE",5,750024365
"674",675,"ECOLE MATERNELLE 28 AVENUE RAPP - PARIS 07",675,"ECOLE MATERNELLE","28","AV RAPP",7,750032921
"675",676,"ECOLE ÉLÉMENTAIRE 1 RUE GENERAL CAMOU - PARIS 07",676,"ECOLE ÉLÉMENTAIRE","1","RUE GENERAL CAMOU",7,750031555
"676",677,"ECOLE ÉLÉMENTAIRE 250B RUE SAINT JACQUES - PARIS 05",677,"ECOLE ÉLÉMENTAIRE","250B","RUE SAINT JACQUES",5,750025443
"677",678,"COLLÈGE LAVOISIER 17/19 RUE HENRI BARBUSSE - PARIS 05",678,"COLLÈGE LAVOISIER","17/19","RUE HENRI BARBUSSE",5,750023623
"678",679,"ECOLE MATERNELLE 22 RUE DES LYONNAIS - PARIS 05",679,"ECOLE MATERNELLE","22","RUE DES LYONNAIS",5,750024154
"679",680,"ECOLE MATERNELLE 15B RUE BUFFON - PARIS 05",680,"ECOLE MATERNELLE","15B","RUE BUFFON",5,750022194
"680",681,"ECOLE ÉLÉMENTAIRE 21 RUE BUFFON - PARIS 05",681,"ECOLE ÉLÉMENTAIRE","21","RUE BUFFON",5,750022196
"681",682,"ECOLE MATERNELLE 48 RUE VANEAU - PARIS 07",682,"ECOLE MATERNELLE","48","RUE VANEAU",7,750034153
"682",683,"ECOLE MATERNELLE 39 RUE SAINT ANDRE DES ARTS - PARIS 06",683,"ECOLE MATERNELLE","39","RUE SAINT ANDRE DES ARTS",6,750028966
"683",684,"ECOLE ÉLÉMENTAIRE 16 RUE DE LA VICTOIRE - PARIS 09",684,"ECOLE ÉLÉMENTAIRE","16","RUE DE LA VICTOIRE",9,750044551
"684",685,"ECOLE ÉLÉMENTAIRE 7 RUE DU JARDINET - PARIS 06",685,"ECOLE ÉLÉMENTAIRE","7","RUE DU JARDINET",6,750027692
"685",686,"ECOLE MATERNELLE 27 RUE DE POISSY - PARIS 05",686,"ECOLE MATERNELLE","27","RUE DE POISSY",5,750024865
"686",687,"ECOLE ÉLÉMENTAIRE 21 RUE DE PONTOISE - PARIS 05",687,"ECOLE ÉLÉMENTAIRE","21","RUE DE PONTOISE",5,750024954
"687",688,"ECOLE ÉLÉMENTAIRE 19 RUE DES BOULANGERS - PARIS 05",688,"ECOLE ÉLÉMENTAIRE","19","RUE DES BOULANGERS",5,750022069
"688",689,"ECOLE MATERNELLE 2-4 COURS DU 7EME ART - PARIS 19",689,"ECOLE MATERNELLE","2-4","CRS DU 7EME ART",19,750153354
"689",690,"ECOLE ÉLÉMENTAIRE 61-65 RUE DE LA VILLETTE - PARIS 19",690,"ECOLE ÉLÉMENTAIRE","61-65","RUE DE LA VILLETTE",19,750021362
"690",691,"COLLÈGE CLAUDE CHAPPE 9 RUE DES ALOUETTES - PARIS 19",691,"COLLÈGE CLAUDE CHAPPE","9","RUE DES ALOUETTES",19,750012974
"691",692,"ECOLE MATERNELLE 6 PASSAGE DE THIONVILLE - PARIS 19",692,"ECOLE MATERNELLE","6","PAS DE THIONVILLE",19,750021099
"692",693,"ECOLE ÉLÉMENTAIRE 9 RUE TANDOU - PARIS 19",693,"ECOLE ÉLÉMENTAIRE","9","RUE TANDOU",19,750021004
"693",694,"ECOLE MATERNELLE 59B RUE DE ROMAINVILLE - PARIS 19",694,"ECOLE MATERNELLE","59B","RUE DE ROMAINVILLE",19,750020199
"694",695,"ECOLE ÉLÉMENTAIRE B 59 RUE DE ROMAINVILLE - PARIS 19",695,"ECOLE ÉLÉMENTAIRE B","59","RUE DE ROMAINVILLE",19,750020199
"695",696,"ECOLE ÉLÉMENTAIRE A 57 RUE DE ROMAINVILLE - PARIS 19",696,"ECOLE ÉLÉMENTAIRE A","57","RUE DE ROMAINVILLE",19,750020198
"696",697,"ECOLE MATERNELLE 5 RUE DU GENERAL LASALLE - PARIS 19",697,"ECOLE MATERNELLE","5","RUE DU GENERAL LASALLE",19,750016451
"697",698,"ECOLE MATERNELLE 5-7 RUE RAMPAL - PARIS 19",698,"ECOLE MATERNELLE","5-7","RUE RAMPAL",19,750019870
"698",699,"ECOLE ÉLÉMENTAIRE 11 RUE RAMPAL - PARIS 19",699,"ECOLE ÉLÉMENTAIRE","11","RUE RAMPAL",19,750019873
"699",700,"ECOLE ÉLÉMENTAIRE 1 RUE DU GENERAL LASALLE - PARIS 19",700,"ECOLE ÉLÉMENTAIRE","1","RUE DU GENERAL LASALLE",19,750016449
"700",701,"COLLÈGE CHARLES PEGUY 69 AVENUE SIMON BOLIVAR - PARIS 19",701,"COLLÈGE CHARLES PEGUY","69","AV SIMON BOLIVAR",19,750020756
"701",702,"ECOLE MATERNELLE 11 CITE LEPAGE - PARIS 19",702,"ECOLE MATERNELLE","11","CITE LEPAGE",19,750017605
"702",703,"ECOLE ÉLÉMENTAIRE A 119 AVENUE SIMON BOLIVAR (EC.A - PARIS 19",703,"ECOLE ÉLÉMENTAIRE A","119","AV SIMON BOLIVAR (EC.A",19,750020808
"703",704,"ECOLE ÉLÉMENTAIRE B 119 AVENUE SIMON BOLIVAR (EC.B - PARIS 19",704,"ECOLE ÉLÉMENTAIRE B","119","AV SIMON BOLIVAR (EC.B",19,750020808
"704",705,"COLLÈGE HENRI BERGSON 27 RUE EDOUARD PAILLERON - PARIS 19",705,"COLLÈGE HENRI BERGSON","27","RUE EDOUARD PAILLERON",19,750015562
"705",706,"ECOLE MATERNELLE 65 AVENUE SIMON BOLIVAR - PARIS 19",706,"ECOLE MATERNELLE","65","AV SIMON BOLIVAR",19,750020800
"706",707,"ECOLE ÉLÉMENTAIRE 67 AVENUE SIMON BOLIVAR - PARIS 19",707,"ECOLE ÉLÉMENTAIRE","67","AV SIMON BOLIVAR",19,750020801
"707",708,"ECOLE MATERNELLE 1 RUE DE PALESTINE - PARIS 19",708,"ECOLE MATERNELLE","1","RUE DE PALESTINE",19,750019258
"708",709,"ECOLE ÉLÉMENTAIRE 4 RUE FESSART - PARIS 19",709,"ECOLE ÉLÉMENTAIRE","4","RUE FESSART",19,750015997
"709",710,"ECOLE MATERNELLE 11-17 RUE GEORGES THILL - PARIS 19",710,"ECOLE MATERNELLE","11-17","RUE GEORGES THILL",19,750149622
"710",711,"ECOLE ÉLÉMENTAIRE 160 AVENUE JEAN JAURES - PARIS 19",711,"ECOLE ÉLÉMENTAIRE","160","AV JEAN JAURES",19,750017232
"711",712,"ECOLE MATERNELLE 22-28 RUE TANDOU - PARIS 19",712,"ECOLE MATERNELLE","22-28","RUE TANDOU",19,750021028
"712",713,"ECOLE MATERNELLE 21 RUE COLETTE MAGNY - PARIS 19",713,"ECOLE MATERNELLE","21","RUE COLETTE MAGNY",19,750172252
"713",714,"ECOLE MATERNELLE 5 RUE DU NOYER DURAND - PARIS 19",714,"ECOLE MATERNELLE","5","RUE DU NOYER DURAND",19,750019025
"714",715,"ECOLE ÉLÉMENTAIRE 16 RUE DES CHEMINETS - PARIS 19",715,"ECOLE ÉLÉMENTAIRE","16","RUE DES CHEMINETS",19,750014523
"715",716,"ECOLE MATERNELLE 36 RUE FESSART - PARIS 19",716,"ECOLE MATERNELLE","36","RUE FESSART",19,750016016
"716",717,"ECOLE ÉLÉMENTAIRE 5 RUE DES ALOUETTES - PARIS 19",717,"ECOLE ÉLÉMENTAIRE","5","RUE DES ALOUETTES",19,750012972
"717",718,"ECOLE ÉLÉMENTAIRE 10 RUE HENRI NOGUERES - PARIS 19",718,"ECOLE ÉLÉMENTAIRE","10","RUE HENRI NOGUERES",19,750158779
"718",719,"COLLÈGE G BRASSENS 4 RUE ERIK SATIE - PARIS 19",719,"COLLÈGE G BRASSENS","4","RUE ERIK SATIE",19,750015797
"719",720,"ECOLE MATERNELLE 9 RUE DU GENERAL BRUNET - PARIS 19",720,"ECOLE MATERNELLE","9","RUE DU GENERAL BRUNET",19,750016404
"720",721,"ECOLE MATERNELLE 132 RUE D'AUBERVILLIERS - PARIS 19",721,"ECOLE MATERNELLE","132","RUE D'AUBERVILLIERS",19,750013654
"721",722,"ECOLE ÉLÉMENTAIRE 132 RUE D'AUBERVILLIERS - PARIS 19",722,"ECOLE ÉLÉMENTAIRE","132","RUE D'AUBERVILLIERS",19,750013654
"722",723,"ECOLE ÉLÉMENTAIRE 9 RUE PIERRE GIRARD - PARIS 19",723,"ECOLE ÉLÉMENTAIRE","9","RUE PIERRE GIRARD",19,750019533
"723",724,"ECOLE MATERNELLE 8 RUE SADI LECOINTE - PARIS 19",724,"ECOLE MATERNELLE","8","RUE SADI LECOINTE",19,750020361
"724",725,"COLLÈGE GUILLAUME BUDE 7 RUE JEAN QUARRE - PARIS 19",725,"COLLÈGE GUILLAUME BUDE","7","RUE JEAN QUARRE",19,750017305
"725",726,"ECOLE MATERNELLE 2 RUE JEAN MENANS - PARIS 19",726,"ECOLE MATERNELLE","2","RUE JEAN MENANS",19,750017298
"726",727,"ECOLE MATERNELLE 345-347 RUE DE BELLEVILLE - PARIS 19",727,"ECOLE MATERNELLE","345-347","RUE DE BELLEVILLE",19,750013786
"727",728,"ECOLE ÉLÉMENTAIRE B 16 RUE EUGENIE COTTON (ECOLE B - PARIS 19",728,"ECOLE ÉLÉMENTAIRE B","16","RUE EUGENIE COTTON (ECOLE B",19,750015895
"728",729,"ECOLE ÉLÉMENTAIRE A 16 RUE EUGENIE COTTON (ECOLE A - PARIS 19",729,"ECOLE ÉLÉMENTAIRE A","16","RUE EUGENIE COTTON (ECOLE A",19,750015895
"729",730,"ECOLE ÉLÉMENTAIRE 4 RUE GOUBET - PARIS 19",730,"ECOLE ÉLÉMENTAIRE","4","RUE GOUBET",19,750016627
"730",731,"ECOLE ÉLÉMENTAIRE B 30 RUE MANIN - PARIS 19",731,"ECOLE ÉLÉMENTAIRE B","30","RUE MANIN",19,750018221
"731",732,"ECOLE MATERNELLE 20 RUE EUGENIE COTTON - PARIS 19",732,"ECOLE MATERNELLE","20","RUE EUGENIE COTTON",19,750015897
"732",733,"ECOLE ÉLÉMENTAIRE 53 RUE EMILE BOLLAERT - PARIS 19",733,"ECOLE ÉLÉMENTAIRE","53","RUE EMILE BOLLAERT",19,750153665
"733",734,"ECOLE MATERNELLE 2-6 RUE DES BOIS - PARIS 19",734,"ECOLE MATERNELLE","2-6","RUE DES BOIS",19,750014147
"734",735,"ECOLE MATERNELLE 34 RUE MANIN - PARIS 19",735,"ECOLE MATERNELLE","34","RUE MANIN",19,750018223
"735",736,"ECOLE MATERNELLE 58 RUE ARCHEREAU - PARIS 19",736,"ECOLE MATERNELLE","58","RUE ARCHEREAU",19,750013254
"736",737,"ECOLE MATERNELLE 5 BIS RUE DE CAMBRAI - PARIS 19",737,"ECOLE MATERNELLE","5BIS","RUE DE CAMBRAI",19,750014319
"737",738,"ECOLE ÉLÉMENTAIRE 16 RUE TANDOU - PARIS 19",738,"ECOLE ÉLÉMENTAIRE","16","RUE TANDOU",19,750021025
"738",739,"ECOLE MATERNELLE 221 RUE SAINT DENIS - PARIS 02",739,"ECOLE MATERNELLE","221","RUE SAINT DENIS",2,750005658
"739",740,"ECOLE ÉLÉMENTAIRE 42 RUE DUSSOUBS - PARIS 02",740,"ECOLE ÉLÉMENTAIRE","42","RUE DUSSOUBS",2,750004049
"740",741,"ECOLE ÉLÉMENTAIRE 10 R HOSPITALIERES ST GERVAIS - PARIS 04",741,"ECOLE ÉLÉMENTAIRE","10","RUE HOSPITALIERES ST GERVAIS",4,750010523
"741",742,"COLLÈGE CHARLEMAGNE 13 RUE CHARLEMAGNE - PARIS 04",742,"COLLÈGE CHARLEMAGNE","13","RUE CHARLEMAGNE",4,750009969
"742",743,"ECOLE ÉLÉMENTAIRE 20 RUE ETIENNE MARCEL - PARIS 02",743,"ECOLE ÉLÉMENTAIRE","20","RUE ETIENNE MARCEL",2,750004090
"743",744,"COLLÈGE CESAR FRANCK 5 RUE DE LA JUSSIENNE - PARIS 02",744,"COLLÈGE CESAR FRANCK","5","RUE DE LA JUSSIENNE",2,750004372
"744",745,"ECOLE MATERNELLE 6 RUE ST GERMAIN L'AUXERROIS - PARIS 01",745,"ECOLE MATERNELLE","6","RUE ST GERMAIN L'AUXERROIS",1,750002351
"745",746,"ECOLE ÉLÉMENTAIRE 15 RUE DE L'ARBRE SEC - PARIS 01",746,"ECOLE ÉLÉMENTAIRE","15","RUE DE L'ARBRE SEC",1,750000031
"746",747,"COLLÈGE J-B POQUELIN 6 RUE MOLIERE - PARIS 01",747,"COLLÈGE J-B POQUELIN","6","RUE MOLIERE",1,750001285
"747",748,"COLLÈGE FRANCOIS COUPERIN 2 RUE DU GRENIER SUR L'EAU - PARIS 04",748,"COLLÈGE FRANCOIS COUPERIN","2","RUE DU GRENIER SUR L'EAU",4,NA
"748",749,"ECOLE MATERNELLE 6 RUE PAUL DUBOIS - PARIS 03",749,"ECOLE MATERNELLE","6","RUE PAUL DUBOIS",3,750007848
"749",750,"ECOLE ÉLÉMENTAIRE 8 RUE DES VERTUS - PARIS 03",750,"ECOLE ÉLÉMENTAIRE","8","RUE DES VERTUS",3,750009170
"750",751,"ECOLE ÉLÉMENTAIRE 211 RUE SAINT MARTIN - PARIS 03",751,"ECOLE ÉLÉMENTAIRE","211","RUE SAINT MARTIN",3,750008411
"751",752,"ECOLE MATERNELLE 25 RUE CHAPON - PARIS 03",752,"ECOLE MATERNELLE","25","RUE CHAPON",3,750006798
"752",753,"ECOLE ÉLÉMENTAIRE 6 RUE VAUCANSON - PARIS 03",753,"ECOLE ÉLÉMENTAIRE","6","RUE VAUCANSON",3,750009056
"753",754,"ECOLE MATERNELLE 12 PLACE DES VOSGES - PARIS 04",754,"ECOLE MATERNELLE","12","PL DES VOSGES",4,750012451
"754",755,"ECOLE ÉLÉMENTAIRE 21 RUE DES TOURNELLES - PARIS 04",755,"ECOLE ÉLÉMENTAIRE","21","RUE DES TOURNELLES",4,750012204
"755",756,"ECOLE ÉLÉMENTAIRE 3 RUE BERANGER - PARIS 03",756,"ECOLE ÉLÉMENTAIRE","3","RUE BERANGER",3,750006660
"756",757,"COLLÈGE PJ DE BERANGER 5 RUE BERANGER - PARIS 03",757,"COLLÈGE PJ DE BERANGER","5","RUE BERANGER",3,750006661
"757",758,"ECOLE MATERNELLE 52 RUE DE TURENNE - PARIS 03",758,"ECOLE MATERNELLE","52","RUE DE TURENNE",3,750009034
"758",759,"ECOLE ÉLÉMENTAIRE 54 RUE DE TURENNE - PARIS 03",759,"ECOLE ÉLÉMENTAIRE","54","RUE DE TURENNE",3,750009035
"759",760,"COLLÈGE VICTOR HUGO 27 RUE DE SEVIGNE - PARIS 03",760,"COLLÈGE VICTOR HUGO","27","RUE DE SEVIGNE",3,750008631
"760",761,"ECOLE ÉLÉMENTAIRE 11 RUE D'ARGENTEUIL - PARIS 01",761,"ECOLE ÉLÉMENTAIRE","11","RUE D'ARGENTEUIL",1,750000086
"761",762,"ECOLE MATERNELLE 11 RUE VIVIENNE - PARIS 02",762,"ECOLE MATERNELLE","11","RUE VIVIENNE",2,750006345
"762",763,"ECOLE ÉLÉMENTAIRE 3 RUE DE LA JUSSIENNE - PARIS 02",763,"ECOLE ÉLÉMENTAIRE","3","RUE DE LA JUSSIENNE",2,750004371
"763",764,"ECOLE MATERNELLE 5 RUE BRANTOME - PARIS 03",764,"ECOLE MATERNELLE","5","RUE BRANTOME",3,750012843
"764",765,"ECOLE ÉLÉMENTAIRE 6 RUE DE LOUVOIS - PARIS 02",765,"ECOLE ÉLÉMENTAIRE","6","RUE DE LOUVOIS",2,750004506
"765",766,"ECOLE MATERNELLE 11 RUE SAINT MERRI - PARIS 04",766,"ECOLE MATERNELLE","11","RUE SAINT MERRI",4,750011952
"766",767,"ECOLE ÉLÉMENTAIRE 16 RUE DU RENARD - PARIS 04",767,"ECOLE ÉLÉMENTAIRE","16","RUE DU RENARD",4,750011361
"767",768,"ECOLE MATERNELLE 40 RUE DES ARCHIVES - PARIS 04",768,"ECOLE MATERNELLE","40","RUE DES ARCHIVES",4,750009417
"768",769,"ECOLE ÉLÉMENTAIRE 9 RUE DE MOUSSY - PARIS 04",769,"ECOLE ÉLÉMENTAIRE","9","RUE DE MOUSSY",4,750010946
"769",770,"ECOLE ÉLÉMENTAIRE 22 RUE DE L'AVE MARIA - PARIS 04",770,"ECOLE ÉLÉMENTAIRE","22","RUE DE L'AVE MARIA",4,750009503
"770",771,"ECOLE ÉLÉMENTAIRE 5 RUE BEAUREGARD - PARIS 02",771,"ECOLE ÉLÉMENTAIRE","5","RUE BEAUREGARD",2,750003320
"771",772,"ECOLE MATERNELLE 18 RUE POULLETIER - PARIS 04",772,"ECOLE MATERNELLE","18","RUE POULLETIER",4,750011214
"772",773,"ECOLE ÉLÉMENTAIRE 21 RUE SAINT LOUIS EN L'ILE - PARIS 04",773,"ECOLE ÉLÉMENTAIRE","21","RUE SAINT LOUIS EN L'ILE",4,750011744
"773",774,"ECOLE MATERNELLE 4 RUE DU FAUCONNIER - PARIS 04",774,"ECOLE MATERNELLE","4","RUE DU FAUCONNIER",4,750010178
"774",775,"ECOLE ÉLÉMENTAIRE 15 RUE NEUVE SAINT PIERRE - PARIS 04",775,"ECOLE ÉLÉMENTAIRE","15","RUE NEUVE SAINT PIERRE",4,750010966
"775",776,"ECOLE MATERNELLE 12 RUE DUSSOUBS - PARIS 02",776,"ECOLE MATERNELLE","12","RUE DUSSOUBS",2,750004068
"776",777,"ECOLE MATERNELLE 7 RUE DE LA PERLE - PARIS 03",777,"ECOLE MATERNELLE","7","RUE DE LA PERLE",3,750007886
"777",778,"ECOLE ÉLÉMENTAIRE 10B RUE DES QUATRE FILS - PARIS 03",778,"ECOLE ÉLÉMENTAIRE","10B","RUE DES QUATRE FILS",3,750008050
